87-KB-000018/87-KB-000019/C7-KB-000018,Ateneo de Davao Univ-E/HS,CAN,,,SJ,,DACS
87-KC-000047/C7-KC-000047,St. Marys College,CAN,,TAGUM CITY,RVM,Tagum,"DACET, DACS"
87-MF-000005,John Bosco College,CAN,,"MANGAGOY,BISLIG CITY",,Tandag,TADICSA
87-KC-000023,Letran de Davao High School,CAN,,TAGUM CITY,CSCH,Tagum,DACET/DACS
87-KE-000007,Immaculate Heart of Mary Academy,CAN,,"MATI,DAVAO ORIENTAL",MIC,Mati,DACS
87-KB-000218,Phil. Nikkie Jin Kai Intl School,CAN,,"DAMOSA, LANANG, DAVAO CITY",,NA,DACS
87-KC-000062,Markynoll hs of Panabo,CAN,,PANABO CITY,OP (Molo) - Most Holy Rosary,Tagum,DACET/DACS/DOMNET
87-KC-000016,F.Adlaon Learning Institute,CAN,,PANABO CITY,,NA,DACS
87-KC-000005,Assumpta School,CAN,,TAGUM CITY,FMA - Assumption,Tagum,DACET/DACS
87-MF-000022,St. Michael's College,CAN,,"CANTILAN,SURIGAO DEL SUR",SPC,Tandag,TADICSA
87-KC-000038,NORTH DAVAO COLLEGE,CAN,,PANABO CITY,,NA,DACS
87-KC-000006,Assumption Academy of Nabunturan,CAN,,"NABUNTURAN, DAVAO DEL NORTE",FMA - Assumption,Tagum,DACET/DACS
87-MF-000026,ST. VINCENT DE PAUL COLLEGE,CAN,,"MANGAGOY,BISLIG CITY",,Tandag,TADICSA
87-KC-000030,Maryknoll HS of Sto. Tomas,CAN,,"STO. TOMAS,DAVAO DEL NORTE",OP (Molo) - Most Holy Rosary,Tagum,DACET/DACS/DOMNET
87-KC-000028,Maryknoll HS of Maniki,CAN,,"KAPALONG, DAVAO DEL NORTE",OP (Molo) - Most Holy Rosary,Tagum,DACET/DACS/DOMNET
87-KE-000028,MARYKNOLL SCHOOL OF MANAY,CAN,"MANAY,DAVAO ORIENTAL",,TDM,Mati,DACS
87-KC-000004,Arriesgado College Foundation,CAN,,TAGUM CITY,,,DACS
87-KA-000002,Assumption Academy of compostela,CAN,,"COMPOSTELA, COMVAL PROVINCE",FMA - Assumption,Tagum,DACET/DACS
87-KA-000019,St. Vincent Academy of Maragusan,CAN,,"MARAGUSAN, COMPOSTELA VALLEY",OP - Trinity,Tagum,DACET/DACS/DOMNET
87-MF-000032,St. Michael's School of Madrid,CAN,"Madrid, Surigao del Sur",,,Tandag,TADICSA
87-KE-000013,MARYKNOLL HIGH SCHOOL OF CATEEL,CAN,,"CATEEL,DAVAO ORIENTAL",,Mati,DACS
87-MB-000016,Father Urios HS (Bayugan),CAN,Bayugan City,Agusan del Sur,,BUTUAN,ACEA
87-MB-000009,Mt. Carmel College (SF),CAN,,"SAN FRANCISCO,AGUSAN DEL SUR",Ocarm,BUTUAN,ACEA
87-MB-000019,FR. URIOS HIGH SCHOOL-SIBAGAT,CAN,"SIBAGAT,AGUSAN DEL SUR",,,BUTUAN,ACEA
87-KB-000162,Maranatha Christian School,CAN,BLK.3 LOT 2 GALLERA DE ORO,"BAGO, DAVAO CITY",,NA,NA
87-KE-000021,St. Marys College - Baganga,CAN,,"BAGANGA,DAVAO ORIENTAL",RVM,Mati,
87-MF-000012,LA PURISIMA CONCEPTION,CAN,,"TAGO,SURIGAO DEL SUR",,Tandag,TADICSA
87-KC-000098,PANABO CHRISTIAN SCHOOL,CAN,"NAT'L HI-WAY,BRGY.,SAN FRANCISCO","PANABO,DAVAO DEL NORTE",,NA,DACS/ACSI
87-KC-000045,Panabo SDA Learning Center,CAN,,PANABO CITY,SDA - MIN,NA,DACS
87-KB-000092,Ebenezer Christian School of Davao,CAN,,DAVAO CITY,,NA,DACS/ACSI
87-MB-000020,MT.CARMEL HIGH SCHOOL - ROSARIO,CAN,ROSARIO AGUSAN DEL SUR,,Ocarm,BUTUAN,ACEA
87-MF-000025,St. Theresa College,CAN,,"TANDAG, SURIGAO DEL SUR",,Tandag,TADICSA
87-KC-000043,Panabo Faith Mission Academy,CAN,GALA-GALA STREET,PANABO CITY,,NA,DACS/ACSI
87-KC-000071,Bethel UCCP Learning Center,CAN,"MABINI ST.,BGY.SOUTH,TAGUM CITY",,,NA,DACS
87-KB-000258/C7-KB-000258,St. Paul College,CAN,,DAVAO CITY,SPC,,DACS
87-KA-000003,Assumption Academy of Mawab,CAN,,"MAWAB, COMPOSTELA VALLEY PROVINCE",,Tagum,
87-KC-000121,KIDDIE MATH-TAGUM,CAN,"TAGUM, DAVAO DEL NORTE",,,,
87-KB-000409,PHIL. NIKKIE JIN KAI INT'L SCHOOL,CAN,"DURIAN VILLAGE,CALINAN DAVAO CITY",,,NA,DACS
87-MB-000014,"FR. URIOS COLLEGE OF TRENTO, INC.",CAN,,"TRENTO,AGUSAN DEL SUR",,BUTUAN,ACEA
87-KC-000050,Sto. Nino School of Panabo,CAN,,"PANABO, DAVAO DEL NORTE",,,
87-KC-000021,Kapalong College of Technology,CAN,,"KAPALONG, DAVAO DEL NORTE",,NA,DACS
87-KE-000014,Maryknoll HS of Lupon,CAN,,"LUPON,DAVAO ORIENTAL",OP DOMINICAN,Mati,DACS/DOMNET
87-KC-000076,"PHIL. BAPTIST COLLEGE OF MINDANAO, INC.",CAN,"STO.TOMAS, DAVAO DEL NORTE",,,NA,DACS
87-KC-000066,Phil. Baptist of Sto. Tomas,CAN,"STO. TOMAS, DAVAO DEL NORTE",,,,
87-KB-000049,Brokenshire College of Toril,CAN,,"LUBOGAN,TORIL",,NA,DACS/ACSI
87-MF-000035,HOLY CHILD ACADEMY - MARIHATAG,CAN,"Marihatag, Surigao del Sur",,,Tandag,TADICSA
87-KC-000057,UCCP Christian Sch of Tagum,CAN,,TAGUM CITY,,,
87-KA-000014,NABUNTURAN CENTRAL ELEM. SCHOOL/SPED,CAN,,"NABUNTURAN, COMPOSTELA VALLEY PROVINCE",,NA,NA
87-KB-000230/87-KB-000231/C7-KB-000230,Rizal Memorial Colleg-E/HS,CAN,,,,NA,DACS
87-MF-000039/87-MF-000041,TANDAG SPECIAL SCIENCE PRE SCHOOL/ELEM,CAN,,,,NA,NA
87-KE-000022,ST. MARY'S ACADEMY OF CARAGA,CAN,,"CARAGA, DAVAO ORIENTAL",RVM,Mati,DACS
87-KC-000022,Lamb Educ. & Tutorial  Services,CAN,,TAGUM CITY,,NA,DACS
87-KE-000005,Eastern Davao Academy,CAN,,"LUPON,DAVAO ORIENTAL",,NA,DACs
87-KB-000215,Phil. Academy of Sakya,CAN,RIVERA VILLAGE,"CABAGUIO, DAVAO CITY",,NA,DACS
87-MB-000017,"PHILSAGA HIGH SCHOOL FOUNDATION, INC.",CAN,"Purok 1, Bayugan 3, Rosario,",Agusan del Sur,,,
87-MF-000034,HOTCHKISS LEARNING CENTER,CAN,"CANTILAN, SURIGAO DEL SUR",,,NA,
87-KC-000051,Sunbeam Christian School of Panabo,CAN,,PANABO CITY,,NA,DACS
87-KC-000033,Meem Learning Center,CAN,,TAGUM CITY,,,DACS
87-KC-000052/C7-KC-000052,Tagum Alliance Learning Center,CAN,,"SAN MIGUEL,TAGUM CITY",,,
87-MB-000029,FR. URIOS HIGH SCHOOL-PROSPERIDAD,CAN,"PROSPERIDAD,AGUSAN DEL SUR",,Ocarm,BUTUAN,ACEA
87-KC-000061,UM Tagum College,CAN,,TAGUM CITY,,Na,DACS
87-KB-000234,Rogationist Academy,CAN,,"BARACATAN, TORIL,DAVAO CITY",,Digos,
87-MB-000004,DN School  & office Supplies,CAN,,"BAHBAH,PROSPERIDAD AGUSAN DEL SUR",,NA,NA
87-MB-000011,PHILIPPINE NORMAL UNIVERSITY,CAN,,"PROSPERIDAD,AGUSAN DEL SUR",,NA,
87-KC-000100,TAGUM FILIPINO-CHINESE SCHOOL,CAN,"CHINESE SCHOOL DRIVE,APOKON ROAD,","TAGUM,DAVAO DEL NORTE",,,DACS
87-KC-000054,Tagum SDA Elem. School,CAN,,TAGUM CITY,SDA - MIN,na,
87-KA-000032,LEGACY COLLEGE OF COMPOSTELA,CAN,COMPOSTELA VALLEY,,,NA,DACS
87-MB-000030,BAYUGAN ADVENTIST LEARNING CENTER,CAN,"NARRA AVE.,POB.BAYUGAN,AGUSAN DEL SUR",,,,
87-MF-000018,San Francisco SDA Elementary School,CAN,,"SAN FRANCISCO,AGUSAN DEL SUR",SDA - MIN,,
87-KC-000120,ASSUMPTION ACADEMY OF PE헤PLATA,CAN,"PE헤PLATA,IGACOS,DAVAO DEL NORTE",,,,
87-KA-000022,Casa Amazing Grace School (Poblacion),CAN,,"Monkayo, Comval Province",,,
87-KA-000004,Compostela Christian School,CAN,,"COMPOSTELA, COMVAL PROVINCE",,,
87-KC-000077,"HOLY INFANT SCHOOL OF STO.TOMAS,INC.",CAN,"Guava Ave.,Menzi","Sto. Tomas, Davao del Norte",,,DACS
87-KC-000075,SAN VINCENZO CENTER,CAN,PUROK 13 FDRD 4,"STO. TOMAS, DAVAO DEL NORTE",,,
87-KA-000031,PANTUKAN ADVENTIST LEARNING CENTER,CAN,"TOWNSITE,KINGKING,","PANTUKAN,COMVAL",,,
87-MF-000057,MOTHER OF MERCY ACADEMY,CAN,"BAROBO,SURIGAO DEL SUR",,,,
87-KC-000029,MARYKNOLL HIGH SCHOOL OF NEW CORELLA,CAN,,"NEW CORELLA, DAVAO DEL NORTE",TDM,Tagum,DACET/DACS/
87-KC-000032,MAX MIRAFUENTES ACADEMY,CAN,,TAGUM CITY,,,DACS
87-KA-000005,Compostela SDA Elem. School,CAN,,"COMPOSTELA, COMVAL PROVINCE",SDA - MIN,,
87-KA-000006,Cor Jesu High School,CAN,,"MABINI, COMPOSTELA VALLEY PROVINCE",OP (Molo) - Most Holy Rosary,Tagum,DACET/DACS/DOMNET
87-KB-000254,St. Ignatius School of Davao,CAN,,DAVAO CITY,,na,DACS
87-KC-000036,NEW CORELLA CHRISTIAN SCHOOL,CAN,,"NEW CORELLA,DAVAO DEL NORTE",,,DACS
87-KB-000342,MADRE MARIA PIA NOTARI SCHOOL,CAN,"BARACATAN TORIL,DAVAO CITY",,CAE,Digos,DACS
87-KE-000015,Maryknoll HS of Sigaboy,CAN,,"SIGABOY,DAVAO ORIENTAL",TDM,Mati,DACS
87-MB-000028,ST. JOSEPH LEARNING CENTER,CAN,"BRGY. SAN TEODORO,BUNAWAN,",AGUSAN DEL SUR,,,
87-KA-000042,KIDDIE MATH-NABUNTURAN,CAN,"NABUNTURAN,COMVAL PROVINCE",,,,
87-MF-000024,St. Theresa College (Tago),CAN,,"TAGO, SURIGAO DEL SUR",,Tandag,TADICSA
87-KA-000010,Letran de Davao of Maco,CAN,,"MACO, COMPOSTELA VALLEY PROVINCE",OP (Molo) - Most Holy Rosary,Tagum,DACET/DACS/DOMNET
87-KE-000020,Ostrum Faith Academy,CAN,,"MATI,DAVAO ORIENTAL",,,DACS
87-KB-000113,Graciosa Christian School,CAN,,DAVAO CITY,,,
87-KB-000418,LITTLE ZION LEARNING CENTER,CAN,"MIRANDA BABAK, ISLAND GARDEN CITY OF SAM",,,,
87-KE-000023,Sto. Nino School of Mati,CAN,,"MATI,DAVAO ORIENTAL",,,DACS
87-KC-000025,Magugpo Poblacion Day Care,CAN,,"MAGUGPO, TAGUM CITY",,,
87-KA-000043,KIDDIE MATH-COMPOSTELA,CAN,"COMPOSTELA,COMVAL PROVINCE",,,,
87-KC-000083,"GOODWILL CHRISTIAN ACADEMY OF TAGUM,INC.",CAN,"PRK. 6, AGAN SUBD., MAGDUM",,,,DACS
87-MF-000021,ST. AUGUSTINE HIGH SCHOOL,CAN,,"TANDAG,SURIGAO DEL SUR",,Tandag,TADISCA
87-MF-000047,SAN ANTONIO SCHOOL,CAN,"ARAS-ASAN,CAGWAIT,SURIGAO DEL SUR",,OP - Trinity,Tandag,TADICSA
87-KC-000104,SJ MARY HEART SCHOOL INC.,CAN,"ABAD SANTOS, TAGUM CITY",,,,
87-KB-00025,Davao St. Martin de Porres lrng.,CAN,,,,,DACS
87-KC-000086,PANABO CARMELITE ACADEMIC ADVANCEMENT,CAN,"NICEVILLE SUBD., CAGANGOHAN, PANABO",DAVAO DEL NORTE,,,
87-KC-000099,MAGUGPO POBLACION DAY CARE CTR-II,CAN,"MAGUGPO, TAGUM, DAVAO DEL NORTE",,,,
87-KA-000029,LAAC SDA ELEM. SCHOOL,CAN,"LAAK, COMVAL PROVINCE",,SDA - MIN,,
87-KE-000008,JIL Christian School Foundation,CAN,,"MATI, DAVAO ORIENTAL",,,
87-KE-000037,TANDANG SORA ELEM. SCHOOL,CAN,"GOV. GENEROSO,DAVAO ORIENTAL",,,,
87-KA-000009,FUNDAMENTAL BAPTIST LRNG CTR-COMPOSTELA,CAN,,"COMPOSTELA, COMPOSTELA VALLEY PROVINCE",,,
87-MF-000015,Mangagoy Baptist Learning Center,CAN,,"MANGAGOY,BISLIG CITY",,,
87-KE-000026,KALAGAN PRAISE SCHOOL,CAN,"Matiao, Mati",Davao Oriental,,,
87-KC-000074,TAGUM CITY NATIONAL HIGH SCHOOL,CAN,"MAGSAYSAY, CARMEN,",DAVAO DEL NORTE,,,
87-KA-000025,Nabunturan Day Care,CAN,Nabunturan,Comval Province,,,
87-KC-000123,ST. THOMAS MORE MONTESSORI SCHOOL,CAN,"TAGUM,DAVAO DEL NORTE",,,,
87-KC-000122,ST. JOSEPH LEARNING INSTITUTE,CAN,"TAGUM,DAVAO DEL NORTE",,,,
87-MF-000037,SAN FRANCISCO COLLEGES,CAN,,"SAN FRANCISCO,AGUSAN DEL SUR",,,
87-KC-000053,Tagum Fundamental Baptist Church Aca,CAN,BONIFACIO STREET,TAGUM CITY,,,
87-KC-000125,TAGUM CITY COLLEGE,CAN,"ELPIDIO M. GAZMEN COMPOUND,GAZMEN ROAD,","BRGY. WEST,TAGUM CITY",,,
87-MF-000019,San Miguel Archangel Learning Center,CAN,,"TANDAG,SURIGAO DEL SUR",,Tandag,TADICSA
87-KC-000037,NORDIDA SDA ELEM. SCHOOL,CAN,NORDIDA,"STO. TOMAS, DAVAO DEL NORTE",,,
87-MF-000027,Sto. Nino Pre-school,CAN,PUROK 5-A,"LIANGA,SURIGAO DEL SUR",,Dipolog,
87-MB-000003,Christian Foundation School,CAN,,"PROSPERIDAD,AGUSAN DEL SUR",,,
87-MF-000009,Fr. Urios High School- Hinatuan,CAN,,"HINATUAN,SURIGAO DEL SUR",OP - Trinity,Tandag,TADISCA
87-KC-000085,DOMINGO VILLAGE DAY CARE CENTER,CAN,DOMINGO VILLAGE,,,,
87-KC-000102,KIDDIE LIGHT PRE-SCHOOL,CAN,"KAPALONG,DAVAO DEL NORTE",,,,
87-MB-000007,Light & life Learning Center - Patin-ay,CAN,,"PATIN-AY,AGUSAN DEL SUR",,,
87-KC-000103,ADVENTIST LEARNING CENTER,CAN,TAGUM CITY,,,,
87-KE-000030/C7-KE-000035,SAN ISIDRO CHRISTIAN LEARNING CENTER,CAN,SAN ISIDRO DAVAO ORIENTAL,,,,
87-KC-000044,PANABO NATIONAL HIGH SCHOOL,CAN,,PANABO CITY,,,
87-MB-000022,PROSPERIDAD ADVENTIST LEARNING CENTER,CAN,"BAHBAH,PROSPERIDAD,AGUSAN DEL SUR",,,,
87-KC-000087,PENIEL EARLY CHILDHOOD DEVELOPMENT CTR.,CAN,"MANIKI, KAPALONG DAVAO DEL NORTE",,,,
87-KC-000079,Faith Kiddie School,CAN,"Faith Tabernacle,Panabo City",,,,
87-KA-000008,Four Square Kinder School,CAN,,"MONTEVISTA, COMPOSTELA VALLEY PROVINCE",,,
87-MF-000056,SOUTHERN TECHNOLOGICAL INST. OF THE PHIL,CAN,"MANGAGOY,BISLIG,SURIGAO DEL SUR",,,,
87-MB-000021,BAYUGAN UNITED CHRISTIAN SCHOOL,CAN,"BAYUGAN,AGUSAN DEL SUR",,,,
87-KC-000078,VISSION CHRISTIAN SCHOOL,CAN,"Dujali, Sto. TOmas",Davao del Norte,,,
87-MF-000014,Light & life Learning Center,CAN,,"LIANGA,SURIGAO DEL SUR",,,
87-MF-000017,San Francisco Christian Academy,CAN,,"SAN FRANCISCO,AGUSAN DEL SUR",,,
87-KC-000041,ONE WAY OUTREACH KINDER SCHOOL,CAN,,PANABO CITY,,,
87-KC-000067,Babak SDA Bible Pre-School,CAN,"BABAK, ISLAND GARDEN CITY OF SAMAL",,,,
87-MB-000025,LYCEO DE SAN FRANCISCO,CAN,"HUBANG,SAN FRANCISCO AGUSAN DEL SUR",,,,
87-KB-000165,MATINA CENTRAL ELEM. SCHOOL,CAN,,"MATINA, DAVAO CITY",,NA,Na
87-KC-000124,DREAMER CHRISTIAN LEARNING CENTER,CAN,"PRK 3-A STO. NI헲 CARMEN,DAVAO DEL NORTE",,,,
87-KA-000016/87-KA-000017,Northern Davao Academy -E/HS,CAN,,,,,
87-KA-000018,St. Bridgets Pre-School,CAN,,"MONTEVISTA, COMPOSTELA VALLEY PROVINCE",,,
87-KA-000020,Thompson Christian School-Comval,CAN,,"MASARA, COMVAL PROVINCE",,,
87-KB-000077,Davao Jones Academy,CAN,,"BUHANGIN, DAVAO CITY",,,
87-KB-000148,Korosawa Early Child Learning,CAN,DO헤 PILAR SUBDIVISION,"SASA, DAVAO CITY",,,
87-KB-000170,Methodist Learning Center-iwha,CAN,,"IWHA, DUMOY, TORIL DAVAO CITY",,,
87-KB-000255,St. Martin de Porres School,CAN,,"BUNAWAN, DAVAO CITY",,,
87-KC-00000,Sto. Nino Parish Learning Center,CAN,,,,,
87-KC-000000,Liceo de Davao,CAN,,,,,
87-KC-000002,Alpha Learning Center,CAN,,"ASUNCION, DAVAO DEL NORTE",,,
87-KC-000003,AMS Learning Center,CAN,,"MAGATOS, ASUNCION, DAVAO DEL NORTE",,,
87-KC-000014,Diamond  Farms Day Care Center,CAN,,"CARMEN,DAVAO DEL NORTE",,,
87-KC-000020,Jirehs Kiddies Learning Center,CAN,,"STO. TOMAS,DAVAO DEL NORTE",,,
87-KC-000031,MAT Learning Center,CAN,,"NEW PANDAN, PANABO CITY",,,
87-KE-000002,Christian Life School of Davao Oriental,CAN,,"MATI, DAVAO ORIENTAL",,,
87-KE-000011,Lupon Christian Learning Center,CAN,,"LUPON,DAVAO ORIENTAL",,,
87-MB-000005,John Bosco College,CAN,,AGUSAN DEL SUR,,,
87-MB-000010,Our Lady of Sacred Heart,CAN,,"SPICER,AGUSAN DEL SUR",,,
87-MF-000002,Barobo SDA Elem.,CAN,,"BAROBO,SURIGAO DEL SUR",,,
87-KC-000027,Maryknoll HS of Asuncion,CAN,,"ASUNCION, DAVAO DEL NORTE",TDM,Tagum,
87-KC-000035,MUSTARD SEED CHRISTIAN ACADEMY,CAN,,"STO. TOMAS, DAVAO DEL NORTE",,,
87-KE-000033,SMART MINDS MULTI-INTELIGENCES SCHOOL,CAN,"LUPON , DAVAO ORIENTAL",,,,
87-LF-000013/87-LF-000014,Notre Dame of Tacurong College-ELEM/HS,CAS-M,,,,Cotabato,
87-LB-000015,NDU-ETD,CAS-M,NOTRE DAME AVENUE,COTABATO CITY,OMI,Cotabato,Ndea
87-LB-000014,ND Cotabato Inc. (ND Cotabato for Boys),CAS-M,SINSUAT AVENUE,COTABATO CITY,Fms,Cotabato,Ndea
87-LA-000081,NOTRE DAME OF KIDAPAWAN COLL. - ELEM/HS,CAS-M,DATU INGKAL STREET,KIDAPAWAN CITY,FMS,Kidapawan,NDEA
87-LA-000103/C7-LA-000070,KING'S COLLEGE OF ISULAN,CAS-M,"ISULAN,SULTAN KUDARAT",,,,Acsi
87-LA-000072,Southern Christian College,CAS-M,,"MIDSAYAP, COTABATO",,,COPRISA
87-LF-000020,St. John Early Learning Center,CAS-M,,"NEW ISABELA,TACURONG SULTAN KUDARAT",,,Suprisa
87-LF-000009,Notre Dame of Esperanza,CAS-M,,"ESPERANZA,SULTAN KUDARAT",,Cotabato,Ndea
87-LA-000060,Notre Dame of Midsayap College,CAS-M,,"MIDSAYAP,COTABATO",OMI,Cotabato,Ndea
87-LB-000011,Notre Dame of RVM Cotabato,CAS-M,PENDATUM AVAENUE,COTABATO CITY,RVM,Cotabato,NDEA
87-KB-000128/87-KB-000129,Holy Cross of Davao College - Elem/HS,CAS-M,,,TDM,Davao,DACS
87-LA-000062,Notre Dame of Parang,CAS-M,,"PARANG, MAGUINDANAO",,Cotabato,Ndea
87-LF-000010,Notre Dame of Isulan,CAS-M,,"ISULAN,SULTAN KUDARAT",,Cotabato,Ndea
87-LF-000015,Notre Dame of Tacurong for Girls,CAS-M,,TACURONG CITY,OP-SIENA,Cotabato,Ndea
87-LA-000038,Kabacan Wesleyan Academy,CAS-M,ABELLERA STREET,"KABACAN, COTABATO",,,Acsi
87-LA-000064,NOTRE DAME OF TULUNAN,CAS-M,,"TULUNAN,COTABATO",OP-SIENA,Kidapawan,Ndea
87-KB-000106,Ford Academy of the Arts,CAS-M,LADISLAWA VILLAGE,DAVAO CITY,,,DACS
87-LA-000078,Sultan Kudarat Islamic Academy,CAS-M,,"MAGUINDANAO BULALO, COTABATO CITY",,,
87-LF-000029,VMC City College,CAS-M,28 National Highway,Tacurong City,,,
87-LA-000074,St. Mary's Academy of Kidapawan,CAS-M,QUEZON BOULEVARD,KIDAPAWAN CITY,RVM,Kidapawan,Ndea
87-LA-000028,Central Mindanao College,CAS-M,OSME헤 DRIVE,KIDAPAWAN CITY,,,Coprisa
87-LA-000102,NOTRE DAME OF PIGCAWAYAN,CAS-M,"PIGCAWAYAN, COTABATO",,,,
87-LA-000071,Southern Baptist College,CAS-M,,"M'LANG,COTABATO",,,Acsi
87-LF-000036,PRES. QUIRINO TREASURED CHILD SCHOOL INC,CAS-M,POB. PRES. QUIRINO SULTAN KUDARAT,,,,
87-LB-000006,Cotabato City State Polytechnic,CAS-M,,COTABATO CITY,,,
87-LA-000032,Easter Joy Learning Center,CAS-M,"POBLACION 2,PARANG SHARIFF KABUNSURAN","PARANG,MAGUINDANAO",,,
87-LA-000058,NOTRE DAME OF MAKILALA - HS,CAS-M,,"MAKILALA, COTABATO",RVM,Kidapawan,Ndea
87-LA-000061,Notre Dame of Mlang,CAS-M,GARCIA STREET,M'LANG COTABATO,PM,Kidapawan,NDEA
87-LF-000011,Notre Dame of Lambayong,CAS-M,,"LAMBAYONG, SULTAN KUDARAT",,Cotabato,
87-LA-000073,SPED CENTER (KIDAPAWAN PILOT ELEM. SCH.),CAS-M,,KIDAPAWAN CITY,,,
87-LB-000003,Albert Einstein School,CAS-M,ORC,COTABATO CITY,,,
87-LB-000026,School of Knowledge & wisdom,CAS-M,,"TAMONTAKA,COTABATO CITY",,,
87-LA-000130,ASIAN COLLEGE TECHNOLOGY(ACIT),CAS-M,"NATIONAL HI-WAY,","KABACAN,COTABATO",,,
88-LD-000009,ALABEL SCIENCE HIGH SCHOOL,CAS-M,"ALABEL,",SARANGANI PROVINCE,,,
87-LA-000054,Notre Dame of Kabacan,CAS-M,BONIFACIO STREET,"KABACAN, COTABATO",OND,Kidapawan,Ndea
87-LB-000027,St. Benedict College,CAS-M,SINSUAT AVENUE,COTABATO CITY,,,
87-LB-000001,Agape School,CAS-M,MAKAKUA STREET,COTABATO CITY,,,Accsi
87-KB-000253,St. Francis Xavier Learning Center,CAS-M,CATALUNAN GRANDE SUBDIVISION,DAVAO CITY,,,DACS
87-LA-000025,Alliance School of Kidapawan,CAS-M,,KIDAPAWAN CITY,,,
87-LA-000070,Small Valley Christian School,CAS-M,,"MAKILLA, COTABATO",RVM,Kidapawan,
87-KB-000462,OCAMPO COLLEGE-DAVAO,CAS-M,"DUMOY, TORIL, DAVAO CITY",,,,
87-LB-000012,Notre Dame Cathedral Elem. School,CAS-M,PARANG ROAD,COTABATO CITY,,Cotabato,NDEA
87-LF-000018,Precious Ones Found'l. Learning Center,CAS-M,,"KALAWAG 2 CAPITOL,ISULAN,SULTAN KUDARAT",,,Acsi
87-LB-000025,San Vicente Academy,CAS-M,GOV. P. GUTIRREZ AVANUE,COTABATO CITY,,,
87-LF-000037,NOTRE DAME OF DUKAY,CAS-M,"DUKAY,SULTAN KUDARAT",,,,
87-LA-000101,"NOTRE DAME OF KATIKO,INC.",CAS-M,,"KATIKO,PRES. QUIRINO,SULTAN KUDARAT",,,
87-LA-000123,NOTRE DAME OF SARMIENTO,CAS-M,"LANDASAN,SARMIENTO MAGUINDANAO",,,Archdiocesan,Ndea
87-LB-000041,KIMPO ELEMENTARY SCHOOL,CAS-M,COTABATO CITY,,,,
87-LF-000019,Pres. Quirino Wesleyan Lrng. Ctr,CAS-M,,"PRES.QUIRINO,SULTAN KUDARAT",,,
87-LF-000030,CHILDREN GRACE OF MARY TUTORIAL LRNG CTR,CAS-M,Brgy. Carmen,Tacurong City,,,Suprissa
87-LA-000024,ABC Educational Development Center,CAS-M,,KIDAPAWAN CITY,,,
87-LA-000056,NOTRE DAME OF LIBUNGAN - HS,CAS-M,,"LIBUNGAN, COTABATO",,Cotabato,
87-LA-000042,KIDAPAWAN SDA ELEM. SCHOOL,CAS-M,,KIDAPAWAN CITY,,,
87-LF-000004,Jean Piaget Learning Center,CAS-M,,"TACURONG,SULTAN KUDARAT",,,
87-LA-000087,NOTRE DAME OF MATALAM HIGH SCHOOL,CAS-M,"MATALAM, COTABATO",,,Kidapawan,NDEA
87-LB-000046,COTABATO CITY NEW LIFE INSTITUTE,CAS-M,GUETTEREZ ST. COTABATO CITY.,,,,
87-LA-000026,Baguntapay Baptist Learning Center,CAS-M,,"Baguntapay, M'lang, Cotabato",,,
87-LA-000034,"Enhanced Childhood Learning Center, Inc.",CAS-M,DIEGO SILANG STREET,"KABACAN, COTABATO",,,
87-LF-000027,Tacurong SDA Elem. School,CAS-M,LEDESMA STREET,TACURONG CITY,,,
87-LB-000005,Cotabato City Institute,CAS-M,,COTABATO CITY,,,
87-LA-000043,KIDAPAWAN SOUTHERN BAPTIST COLLEGE,CAS-M,,KIDAPAWAN CITY,,,
87-LF-000031,TACURONG ST. BENEDICT L/C & VALUES SCH.,CAS-M,Tacurong City,,,,
87-LB-000009,Mattling Industrial & Comm,CAS-M,SINSUAT AVENUE,COTABATO CITY,,,
87-LA-000050,Montessori School of life,CAS-M,,KIDAPAWAN CITY,,,
87-LA-000075,St. Mary's Academy of Midsayap,CAS-M,,"MIDSAYAP, COTABATO",RVM,Cotabato,
87-LB-000021,Dr. Ocampo College,CAS-M,DE MASENOD AVENUE EXTENSION,COTABATO CITY,,,
87-LB-000002,A.R. Pacheco  College,CAS-M,"SAN GREGORIO EXT.,KIMPO SUBDIVISION",COTABATO CITY,,,
87-LA-000129,GREAT & MIGHTY LEARNING CENTER,CAS-M,"MIDSAYAP,COTABATO",,,,
87-LA-000031,DDC Montessori,CAS-M,SUNSET AVENUE,"KABACAN,COTABATO",,,
87-LF-000033,DR. DOMINGO TAMONDONG MEMORIAL HOSPITAL,CAS-M,"ALA, ESPERANZA, SULTAN KUDARAT",,,,
87-LA-000039,Kampilan Academy,CAS-M,,"DATU ODIN SINSUAT,COTABATO",,,
87-LA-000033,Educational Devt. Learning Center,CAS-M,,KIDAPAWAN CITY,,,
87-LF-000022,Little Farmers of St. Isidore Lrng. St. Perigrines Early Learning School,CAS-M,,"COLUMBRIO PALGAS,SULTAN KUDARAT",,,
87-LA-000085,Esperanza District Adventist Academy,CAS-M,,"SAGARA, ESPERANZA SULTAN KUDARAT",,,
87-LA-000134,PIKIT MONTESSORI EDUCATIONAL CENTER INC.,CAS-M,"PIKIT,COTABATO",,,,
87-LF-000003,Diadem Christian School,CAS-M,,"ISULAN,SULTAN KUDARAT",,,
87-LA-000097,SUNBEAM ALLIANCE LEARNING CENTER,CAS-M,,"MIDSAYAP, COTABATO",,,
87-LF-000026,Tacurong Alliance Early Learning Center,CAS-M,,TACURONG CITY,,,
87-LF-000001,Alliance New Isabela Kinder School,CAS-M,,TACURONG CITY,,,Camacop
87-LA-000001,DELANGALEN CENTRAL ELEM. SCHOOL,CAS-M,"Midsayap, Cotabato",,,,
87-LA-000027,Cedar Child Dev't. and Learning Center,CAS-M,,"MIDSAYAP,COTABATO",,,
87-LA-000066,Pisan SDA School,CAS-M,,"KABACAN, COTABATO",,,
87-LB-000050,"INNOVATIVE SYSTEMS LEARNING INSTITUTE,IN",CAS-M,COTABATO CITY,,,,
87-LA-000040,KATINGAWAN SDA ELEM. SCHOOL,CAS-M,,"MIDSAYAP,COTABATO",,,
87-LA-000057,Notre Dame of Magpet,CAS-M,,"MAGPET,COTABATO",,Kidapawan,Ndea /Koprissa
87-LA-000076,St. Uriel College,CAS-M,,"ANTIPAS,COTABATO",,,
87-LA-000067,PLAIN VIEW SDA ELEM. SCHOOL,CAS-M,,"BAGUER,PIGCAWAYAN,COTABATO",,,
87-LA-000125,NOTRE DAME OF UPI,CAS-M,"UPI NURO,SULTAN KUDARAT",,,Archdiocesan,Ndea
87-LA-000104,M'LANG NEW LIFE LEARNING CENTER,CAS-M,"M'LANG,COTABATO",,,,
87-LB-000047,COLEGIO DE KIDAPAWAN,CAS-M,KIDAPAWAN CITY,,,,Koprissa
87-LB-000008,Kids  R us Play School,CAS-M,SINSUAT AVENUE,COTABATO CITY,,,
87-LF-000016,Paedia Learning Center,CAS-M,,"ISULAN,SULTAN KUDARAT",,,
87-LB-000035,COTABATO CITY CENTRAL ELEM. SCHOOL,CAS-M,Cotabato City,,,,
87-LA-000153,NOTRE DAME OF DULAWAN,CAS-M,"DULAWAN,MAGUINDANAO",,,,
87-LA-000083,A.R. Pacheco  Coll -hs - Pigcawayan,CAS-M,,"PIGCAWAYAN, COTABATO",,,
87-LA-000068,PRO ARMM KINDER SCHOOL,CAS-M,,"PARANG,SHARIFF,KABUNSUAN",,,
87-KB-000161/C7-KB-000161,MAGALLANES ELEM. SCHOOL,CAS-M,MAGALLANES STREET,DAVAO CITY,,,
87-LA-000160,NORTH COTABATO ACADEMY,CAS-M,BAGUER PIGCAWAYAN COTABATO,,,,
87-LA-00000,Matalam Baptist Learning Center,CAS-M,,,,,
87-LA-000046,Midsayap Baptist Elementary School,CAS-M,,"MIDSAYAP, COTABATO",,,
87-LB-000010,New Life Educational Foundation,CAS-M,GRC,COTABATO CITY,,,
87-LF-000006,Montessori Learning Center (Isulan),CAS-M,,"ISULAN, SULTAN KUDARAT",,,
87-LF-000007,Montessori Learning Center (Tacurong),CAS-M,,"TACURONG,SULTAN KUDARAT",,,
87-LF-000012,Notre Dame of Salaman,CAS-M,,"SALAMAN,MAGUINDANAO",,Cotabato,
87-PC-00000,Pro-ARMM kindergarten School,CAS-M,,,,,
86-MC-000040,URIOS UNIVERSITY- E/HS,COR,,,,BUTUAN,ACEA
86-ME-000016,St. Paul University,COR,,SAN NICOLAS COR RIZAL ST.,SPC,Surigao,
86-JA-000083,San Agustine Institute of Technology,COR,,,MCM,,
86-JA-000121,CENTRAL BUKIDNON INSTITUTE,COR,,"BAGONG TAAS,BUKIDNON",,,
86-JA-000088,San Isidro College,COR,,IMPALAMBONG,MCST,Malaybalay,BUACS
86-MC-000061,St. James High School,COR,,"BUENAVISTA,AGUSAN DEL NORTE",,BUTUAN,ACEA
86-JA-000013/86-JA-000014,Bukidnon State College - PE/E/HS,COR,,,,,
86-JA-000100,Valencia Baptist Christian Academy,COR,,,,,
86-JA-000053/C6-JA-000053,Loyola High School,COR,,DON CARLOS,,Ipil,BUACS
86-JA-000107,San Andres High School,COR,,"MARAMAG, BUKIDNON",MCM,Malaybalay,BUACS
86-MC-000033,Rainbow of Angels Learning Center,COR,,,,,
86-MA-000008,Mindanao Institute,COR,"MATON V. ATIGAS STS.,",,,,
86-JA-000148,ST. JOSEPH HIGH SCHOOL,COR,"TALAKAG, BUKIDNON",,,,BUACS
86-JA-000006,Bethel Baptist Christian Academy,COR,,"FORTICA STS., SUMPONG",,,
86-JA-000070,Our Lady of Lourdes Elem School,COR,,CAMP PHILLIPS,,,BUACS
86-JB-000158,KAUSWAGAN CENTRAL SCHOOL,COR,,"KAUSWAGAN,CAGAYAN DE ORO CITY",,,
86-JC-000005,Fatima College of Camiguin,COR,,MAMBAJAO,RSM,Cagayan De Oro,
86-JA-000147,PANGANTUCAN COMMUNITY-HS,COR,,"PANGANTUCAN,BUKIDNON",,,BUACS
86-MC-000035,St. Joseph Institute of Technology,COR,,RODOLFO CALO STS.BUTUAN CITY,,,
86-JA-000136,NUESTRA SRA. DEL PILAR,COR,,"QUEZON,BUKIDNON",,,BUACS
86-JA-000096,Stella Matutina  Academy,COR,,"KIBAWE,BUKIDNON",MCM,Malaybalay,BUACS
86-MC-000017,Enfant Cheri Study Center Inc.,COR,,UPPUER DOONGAN,,,
86-JA-000010,Bukidnon Faith Christian School,COR,,,,,
86-JA-000032,First Fruit Academy,COR,,,,,
86-JA-000021,Central Mindanao Univ. -HS ,COR,MUSUAN,"MARAMAG, BUKIDNON",,,
86-MA-000010,New Northern Mindanao College,COR,,CABADBARAN,,,
86-ME-000042/C6-ME-000042,NORTHEASTERN MINDANAO COLLEGES-HS,COR,,SURIGAO CITY,,,
86-JA-000041,Kalilangan Bible Baptist Christian Academy,COR,,KALILANGAN,,,
86-JA-000092,"St. John School of Malaybalay, Inc.",COR,,,,,
86-MA-000005,Father Urios High School - Magallanes,COR,,MAGALLANES,,BUTUAN,ACEA
86-MC-000038,Timber City Academy,COR,,BUTUAN CITY,,,
86-JA-000103,Valencia SDA Elem School,COR,,,,,
86-MC-000005,Butuan Christian Community School,COR,,E.R OCHOA AVENUE,,,
86-JA-000114,ST.JOSEPH HIGH SCHOOL-TALAKAG,COR,,"TALAKAG,BUKIDNON",,,BUACS
86-JA-000028,Don Carlos SDA Elementary School,COR,,DON CARLOS,,,
86-JA-000036,Holy Cross High School,COR,CAMP DEL MONTE,CAMP PHILLIPS,RSM,Malaybalay,BUACS
86-JB-000160,PUNTOD ELEM.SCHOOL,COR,,"PUNTOD,CAGAYAN DE ORO CITY",,,
86-JB-000147,EAST CITY CENTRAL SCHOOL,COR,GUSA,CAGAYAN DE ORO CITY,,,
86-MC-000013,Butuan United Christian School,COR,"#85 RODOLFO CALO STS.,",,,,
86-JA-000106,Xavier de Damulog,COR,,DAMULOG,MCM,Malaybalay,BUACS
86-ME-000039,Sun Yat Sen School,COR,,SURIGAO CITY,,,
86-JC-000009,MAMBAJAO CENTRAL SCHOOL,COR,,MAMBAJAO,,,
86-MC-000036,St. Therese Lisiuex Montessori School,COR,,,,,
86-JA-000063,Maramag Baptist Christian Academy,COR,,MARAMAG,,,
86-MC-000034,Sacred Heart Kinder School,COR,"J.C. AQUINO STS.,",BUTUAN CITY,MSM,BUTUAN,ACEA
86-ME-000017,Surigao Adventist Learning Center-Llamera,COR,SURIGAO CITY,,,,
86-JA-000066/86-JA-000067,Mountain View College -Elem/HS,COR,,,,,
86-MC-000008,Butuan Child Learning Development School,COR,J.C. AQUINO AVENUE,,,,
86-ME-000019,Sta. Isabel Academe,COR,"SAN JUAN, SURIGAO CITY",,,,
86-JA-000122,PROMISE MOUNTAIN CHRISTIAN ACADEMY,COR,,"CABANGLASAN,BUKIDNON",,,
86-ME-000030,Special Science Elem. Of Surigao,COR,"ROXAS STS., SURIGAO CITY",,,,
86-JA-000005,Bethany Christian  School,COR,,"TALAKAG, BUKIDNON",,,
86-MC-000037,Sunrise Christian College Foundation of the Phil.,COR,,,,,
86-ME-000020,Surigao Educ. Center,COR,SURIGAO CITY,,,,
86-MC-000010,Butuan City Mission Academy,COR,,"8TH STS., GUINGONA SUBD.,",,,
86-MC-000015,Divine Seraphine Speech Dev. & Study Ctr,COR,,,,,
86-MA-000023,CARAGA STATE UNIVERSITY-HS,COR,,CABADBARAN CITY,,,
86-JC-000003,Columbia St. Michael Parish HS,COR,,9191 MAHINOG,RSM,Cagayan De Oro,
86-MC-000011,Butuan Faith Chrisitian School,COR,,GUINGONA AVENUE,,,
86-JA-000095,St. Therese Learning Center (Quezon),COR,,,,Malaybalay,BUACS
86-JA-000078,Quezon Baptist Christian School,COR,,QUEZON,,,
86-JB-000161,GUSA ELEM.SCHOOL,COR,,"GUSA,CAGAYAN DE ORO CITY",,,
86-MA-000001,Agape Christian Academy,COR,,CABADBARAN,,,
86-JA-000038,Hosanna AcademY of Bukidnon,COR,,LIBONA,,,
86-PB-000003,Wonderland SDA Elem School,COR,,WAO,,,
86-JA-000075,Phillips Christian School,COR,,PHILLIPS,,,
86-JA-000097,Sunbeam Kinder School,COR,,"BANGCUD,MALAYBALAY CITY",,,
86-JA-000039,"Infant Jesus School of Bukidnon, Inc.",COR,,LUMBO,,,
86-JC-000002,Camiguin Polytechnic State College,COR,,MAMBAJAO,,,
86-JA-000017/86-JA-000018,Bukla SDA Elem. Sch. ,COR,,,,,
86-JA-000046,Lake View Academy,COR,,DON CARLOS,,,
86-MC-000016,Divino Amore Preparatory School,COR,,AMPAYON,ASDL,BUTUAN,ACEA
86-ME-000050,SURIGAO EDUCATION MONTESSORI SCHOOL,COR,,,,,
86-MC-000025,Light and Life Learning Center,COR,,,,,
86-MA-000018,Rock of Gibraltar Academy,COR,"BUENAVISTA,AGUSAN DEL NORTE",,,,
86-ME-000028,Special Science Pilot Center,COR,"AURELIO, SAN JOSE DINAGAT ISLAND",,,,
86-ME-000026,SURIGAO EDUCATION CENTER-HS,COR,SURIGAO CITY,,,,
86-MA-000017,LOURDES LEARNING CENTER,COR,,"LIBARES ST., MAINIT,",,,
86-JA-000057,Malaybalay SDA Elem School,COR,,IMPALAMBONG,,,
86-MA-000009,Nasipit Nursery & Kindergarten Inc.,COR,,NASIPIT,,,
86-MC-000021,LIBERTY FOUNDATION CHRISTIAN ACAD.,COR,,"LIBERTAD,BUTUAN CITY",,,
86-MC-000029,NEMA HIGH SCHOOL,COR,LOS ANGELES,,,,
86-JA-000079,Quezon SDA Elem School,COR,,QUEZON,,,
86-ME-000035,ALBOR CENTRAL ELEM.SCHOOL SPED CENTER,COR,,LIBJO.DINAGAT ISLAND,,,
86-ME-000025,UCCP Kinder & Nursery School,COR,SURIGAO CITY,,,,
86-JG-000062,JASAAN CENTRAL SCHOOL,COR,,"JASAAN,MISAMIS ORIENTAL",,,
86-JA-000140,OUR LADY OF FATIMA HIGH SCHOOL,COR,,"DAGUMBAAN,MARAMAG,BUKIDNON",,BUTUAN,
86-MA-000002,Cabadbaran Christian  Academy,COR,,CABADBARAN,,,
86-JC-000011,Paradise Island Christian School,COR,,"LACAS, MAMBAJAO",,,
86-JA-000112,ST. MICHAEL HIGH SCHOL-MALAYBALAY,COR,,"LINABO,MALAYBALAY",MCM,Ozamiz,
86-PB-000005,CFC-SCHOOL OF THE MORNING STAR,COR,,"WAO,LANAO DEL SUR",,,
86-MC-000019,GRACE CHRISTIAN SCHOOL-BUT,COR,,,,,
86-PB-000001,La Purisima High School,COR,,WAO,MCM,Malaybalay,BUACS
86-JA-000090,SDA CHRISTIAN HOPE ELEMENTARY,COR,,MARAMAG,,,
86-PB-000004,MSU-WAO,COR,,WAO,,,
86-JA-000045,Kulasihan SDA,COR,,"KULASIHAN, LANTAPAN",,,
86-ME-000045,SAN JOSE ELEM.SCHOOL,COR,,SAN JOSE.DINAGAT ISLAND,,,
86-JC-000004,Family to Family School,COR,,MAMBAJAO,,,
86-JA-000020,Busco Nsurefco Baptist Christian Academy,COR,,"QUEZON, BUKIDNON",,,
86-JA-000080,Rockville School for the Arts,COR,,,,,
86-MC-000042,SPED BUTUAN CENTER,COR,BUTUAN CITY,,,,
86-JA-000120,LIFE HOUSE CHRISTIAN ACADEMY,COR,,MALAYBALAY CITY,,,
86-JA-000019,Busco Academy,COR,,"QUEZON, BUKIDNON",,,
86-MA-000016,St. Michael School de Caraga,COR,,NASIPIT,,BUTUAN,ACEA
86-JA-000091,Sinayawan SDA Elementary School,COR,,SINAYAWAN,,,
86-JA-000108,Pilar High School,COR,,"KISOLON,SUMILAO,BUKIDNON",MCM,Malaybalay,BUACS
86-JA-000007,BOCBOC SDA ELEMENTARY SCHOOL,COR,,"DON CARLOS, BUKIDNON",,,
86-MC-000030,NEMA SDA Elem School,COR,,LOS ANGELES,,,
86-MA-000011,Normicist,COR,,CABADBARAN,,,
86-ME-000005,Christian Kinder Home,COR,"367 SAN NICOLAS STS., SURIGAO CITY","367 SAN NICOLAS STS., SURIGAO CITY",,,
86-JA-000056,Mailag SDA,COR,,MAILAG,,,
86-JA-000034,HALAPITAN SDA ELEMENTARY SCHOOL,COR,,SAN FERNANDO,,,
86-JA-000118,ST.THERESE HIGH SCHOOL OF MIARAYON,COR,,BUKIDNON,,,BUACS
86-JA-000117,FR.LEONI MEMORIAL SCHOOL,COR,,"POBLACION,CABANGLASAN,BUKIDNON",,Malaybalay,BUACS
88-LE-000045,STA. CRUZ MISSION HIGH SCHOOL-EXTENSION,COR,"Lake Sebu,",,,,
86-JC-000007,Grace Christian Pre-School (Mambajao),COR,,MAMBAJAO,,,
86-MA-000027,OUR LADY OF CARMEN ACADEMY,COR,,,,BUTUAN,
86-ME-000064,RA ECLEO SR. ELEMENTARY SCHOOL,COR,,,,,
86-MC-000069,BLESSED POPE JOHN PAUL II LRNG. CENTER,COR,"AMPAYON, BUTUAN CITY",c/o St. Ignatius Lrng.-Sr. Sonia,,,
86-JA-000071,"Pangantucan Faith Academy, Inc.",COR,,PANGANTUCAN,,,
86-ME-000015,St. Jude Thadeus Inst. Of Tech,COR,"BORROMEO STS.,",,,,
86-JA-000133,ST. JAMES SCHOOL OF MALAYBALAY,COR,,,,,
86-JC-000015,CAMIGUIN NATIONAL HIGH SCHOOL,COR,,CAMIGUIN PROVINCE,,,
86-JA-000149,SAN JOSE AN,COR,VALENCIA CITY,,,,
86-PB-00000,Tamparan Community Center,COR,,,,,
86-ME-000046,JESUS CABAROS SCHOOL,COR,,"NONOC ISLAND,SDN",,Surigao,
86-JA-000124,SINAYAWAN DEVELOPMENTAL ACADEMY,COR,,"SINAYAWAN,BUKIDNON",,,
86-MC-000048,AGUSAN COLLEGES,COR,,MH DEL PILAR ST.,,,
86-MA-000003,Carmen Academy,COR,,"CARMEN,AGUSAN DEL NORTE",,BUTUAN,ACEA
86-MC-000001,ANGELICUM MONTESSORI SCHOOL,COR,,"MONTILLA BLVD.,",,,
86-MC-000071,GESU KINDERGARTEN SCHOOL,COR,c/o Sr. Sonia of St.Ignatius Lrng.Center,,,,
86-JA-000040,KADINGILAN SDA ELEMENTARY SCHOOL,COR,,KADINGILAN,,,SDA
86-MA-000014,Rhema Christian School,COR,"ASIS STS.,",,,,
86-ME-000012,Resti Child Center,COR,"D.M. AVE., GARCIA AURELLIO, SAN JOSE",DINAGAT ISLAND,,,
86-MC-000070,CHRIST THE KING ACADEMY (TUNGAO),COR,Agusan del Norte,c/o St.Ignatius Lrng.Center-Sr.Sonia,,BUTUAN,ACEA
86-ME-000023,UCCP - Tagana-an,COR,"TAGANA-AN, SURIGAO CITY","TAGANA-AN, SURIGAO CITY",,,
86-MC-000041,Sto. Nino Kindergarten School,COR,,,,BUTUAN,ACEA
86-MC-000063,ST. JOSEPH LEARNING CENTER,COR,,C/O DIVINO AMORE,,,
86-JA-000047,Lalawan SDA Elem School,COR,,,,,
86-JA-000131,PERIGEAN CHRISTIAN ACADEMY,COR,,,,,
86-ME-000029,Surigao Adventist Learning Center-Cabilogan,COR,SURIGAO CITY,,,,
86-JA-000111,ST. ISIDORE HIGH SCHOOL,COR,,"SAMBOANGITA,MALYBALAY CITY",SJ,Malaybalay,BUACS
86-MA-000007,Lighthouse Christian School,COR,,NASIPIT,,,
86-MC-000032,Pearl of the Orient School,COR,2ND FLR. MADISON SQUARE,,,,
86-JA-000099,University Christian Church Kinder School,COR,,"CMU COMPOUND, MARAMAG",,,
86-JB-00000,Christ Garden Academy,COR,,,,,
86-JC-000001,Alliance Child Learning Center,COR,,"LACAS, MAMBAJAO",,,
86-JC-000008,Love Christian Pre School,COR,,SAGAY,,,
86-ME-000001,Bible Baptist  Kinder Home - Masadia,COR,"DAPA, SURIGAO DEL NORTE",,,,
86-MC-000043,Precious Angels learning Center,COR,BUTUAN CITY,,,,
86-JA-000130,NUESTRA SRA.DE GUADALUPE PRE SCHOOL,COR,"LANTAPAN, BUKIDNON",,,,
86-MC-000062,SCHOOL OF THE MORNING STAR,COR,,BUTUAN CITY,,,
86-ME-000011,Play & Learn Kiddie School,COR,"ROXAS STS., SURIGAO DEL NORTE",,,,
86-MC-000012,Butuan Free Methodist Educ. Center,COR,,"1ST STS., GUINGONA SUBDIVISION",,,
86-ME-000006,Conference Childrens Educ. Center,COR,,"229 ESPINA EXTN, SURIGAO CITY",,,
86-ME-000010,Mt. Carmel Learning Center,COR,"TAGANA-AN, SURIGAO CITY",,,,
86-JA-000049,"Little Child Learning Center, Inc.",COR,,"VALERO STS.,",,,
86-ME-000004,Childrens Hope Learning Center,COR,"COR. ROXAS-GONZALES STREET, SURIGAO CITY",,,,
86-ME-000032,ST. JOSEPH LEARNING CENTER,COR,,C/O ST.PAUL SURIGAO DR. PACITA SORINGA,,,
86-JC-000010,Mambajao Learning Center,COR,,MAMBAJAO,,,
86-MC-000047,SAINT IGNATIUS LEARNING CENTER,COR,,C/O DIVINO AMORE BUTUAN CITY,,,
86-JC-00000,"Mambajao Alliance Child Learning Center, Inc.",COR,,,,,
86-JA-000061,Manolo Fortich Christian Academy,COR,,MANOLO FORTICH,,,
86-JA-000026,Del Monte Preschool,COR,,"KAWAYANON, MANOLO FORTICH",,,
86-MA-000015,St. Isidore Learning Center,COR,RTR,,,,
86-MC-000018,Gad Day Care & Drop in,COR,,LIBERTAD,,,
86-ME-000002,Bible Baptist Learning Center,COR,"STA. MONICA, SIARGAO ISLAND",,,,
86-JC-000006,Grace Christian Pre-school (Catarman),COR,"CATARMAN,CAMIGUIN",,,,
86-MC-000050,IMMACULATE CONCEPTION DEV'TL PASSRAYS IN,COR,,BUTUAN CITY,,,
86-JA-000076,Pineapple Country Pre-School,COR,,PHILLIPS,,,
86-ME-000031,Smart Kids learning,COR,,SURIGAO CITY,,,
86-JA-000065,Masters Vineyard Pre-School,COR,,"BLOCK 9 LOT 9 DEA RBC HOMES, DAMILAG",,,
86-JA-000004,Bayabason SDA,COR,,BAYABASON,,,
86-JA-000025,Dagat Kidavao Christian Academy,COR,,c/o VALENCIA BAPTIST CHRISTIAN ACAD.,,,
86-JA-000027,Don Carlos Baptist Christian School,COR,,DON CARLOS,,,
86-JA-000029,Don Juan Alcayde Golden Academy,COR,,c/o VALENCIA BAPTIST CHRISTIAN ACADEMY,,,
86-JA-000031,Faith Christian Academy,COR,,c/o VALENCIA BAPTIST CHRISTIAN ACAD.,,,
86-JA-000044,kitaotao Baptist Christian School,COR,,KITAOTAO,,,
86-JA-000074,Phil. College Foundation,COR,,,,,
86-JA-000094,St. Paul Academy,COR,,MALITBOG,,,
86-JA-000104,Valencia SDA Kinder,COR,,,,,
86-JB-00000,Assembly of God Child Learning Ctr,COR,,,,,
86-JB-00000,Balulang Elem Pre-school,COR,,,,,
86-JB-00000,Kids place Student Center,COR,,,,,
86-JB-00000,Lighthouse Kinder School,COR,,,,,
86-JB-00000,Little Evangel School,COR,,,,,
86-JB-000104,Regional Science High School,COR,,GUSA,,,
86-MA-000004,Buenavista Christian Community School,COR,,BUENAVISTA,,,
86-ME-00000,Holy Rosary Pre-school,COR,,,,Surigao,
87-KB-00016,Maranatha Christian School,COR,,,,,
86-JA-000132,PLANTATION ELEMENTARY SCHOOL,COR,BUKIDNON,,,,
86-JB-000131/86-JB-000133/C6-JB-000133,Xavier University Grade School/ HS,DIC,,,,,
87-KB-000124,Holy Child School -Jacinto,DIC,JACINTO STREET,DAVAO CITY,,,DACS / ACSI
87-KB-000262/C7-KB-000262,Stella Maris Academy of Davao,DIC,,"OBRERO, DAVAO CITY",FI,,DACS
86-JB-000062,Liceo De Cagayan University,DIC,,CARMEN,,,APSSCO/CAPES
86-JD-000033,La Salle Academy,DIC,BROTHER RAYMUND JEFFREY ROAD,PALA-O,LA SALLE BROTHERS,,LASSO
87-KB-000072/C7-KB-000072,Davao Christian High School,DIC,V. MAPA STREET,DAVAO CITY,,,ACSI
87-KB-000091,Dona Pilar Learning Center Foundation,DIC,,"SASA, DAVAO CITY",,,
86-JB-000028,Corpus Christi School,DIC,,MACASANDIG,,,"CAPES, APSSCO"
86-JB-000116,St. Mary's Academy (Carmen),DIC,,CARMEN,RVM,,APSCCO/CAPES
86-JB-000016,Cagayan De Oro College ,DIC,,"MAX SUNIEL ST.,CARMEN",,,PHINMA
86-JB-000066,Lourdes College,DIC,,MACASANDIG,RVM,,APSCCO/CAPES
86-JB-000059/C6-JB-000059,Kong Hua School,DIC,,KAUSWAGAN,LRMS,,APSCCO/CAPES
86-JE-000002,Corpus Christi Parochial School,DIC,,TUBOD,,Iligan,ICPSA
87-KB-000071,DAVAO CHRISTIAN ACADEMY,DIC,JUAN SUBDIVISION,"MATINA, DAVAO CITY",,,
86-JB-000192,CORPUS CHRISTI SCHOOL- PUEBLO,DIC,"PUEBLO, CAGAYAN DE ORO CITY",,,,CAPES/APSSCO
86-JE-000001,Christ The King College de Maranding,DIC,,"MARANDING, LALA,",,Iligan,
86-JD-000074,St. Therese Academy,DIC,TOMAS L. CABILI,,,,ICPSA
86-JB-000029,Del Mar SDA School,DIC,,JULIO PACANA ST.,SDA - MIN,,ICPSA
86-JB-000046,GOLDEN HERITAGE POLYTECHNIC COLLEGE,DIC,,CARMEN,,,APSCCO/CAPES
86-JB-000117,St Mary's School (Macasandig),DIC,,MACASANDIG,,,"CAPES, APSSCO"
86-JB-000097,Phil. Southfield School,DIC,,BUGO,,,APSCCO/CAPES
86-JB-000092/C6-JB-000092,Oro Christian Grace School,DIC,,MACASANDIG,,,"ACSI, CAPES, APSSCO"
86-JD-000069,St. Michael's College,DIC,,,RVM,,
86-JD-000009,Dansalan College,DIC,,,,,
86-JB-000108,Sacred Heart of Jesus Montessori School,DIC,,833 C.M. RECTO AVENUE,,,APSCCO/CAPES
86-JB-000071,Merry child Montessori School,DIC,,BULUA,,,"CAPES, APSSCO"
86-JG-000060,GINGOOG CITY JUNIOR COLLEGE,DIC,,GINGOOG CITY,,,
86-JG-000049,St. Rita's College of Balingasag,DIC,,BALINGASAG,RVM,,
86-JG-000048,St. Peter College,DIC,,BALINGASAG,,,RAPSES
86-JG-000045,St. Mary's Academy of Tagoloan,DIC,,TAGOLOAN,RVM,,
86-JB-000022,Capitol University - Basic,DIC,,GUSA,,,APSCCO/CAPES
86-JD-000059,Sacred Heart High School,DIC,,,,Iligan,ICPSA
86-JE-000010,Mercy Junior College,DIC,,TUBOD,RSM,Iligan,
87-KB-000125,Holy Cross of Agdao,DIC,,"AGDAO, DAVAO CITY",TDM,Davao,DACS
86-JG-000041,St. Joseph Academy,DIC,"EL SALVADOR,MISAMIS ORIENTAL",,,MISAMIS ORIENTAL,
86-JD-000047,MSU-IIT Coop Academy,DIC,"ADRES BONIFACIO AVENUE, TIBANGA",TIBANGA,,,ICPSA
86-JD-000044,Monerah Integrated School,DIC,,,,,
86-JD-000039,Mary Infant Jesus School,DIC,,"JUAN LUNA ST.,",,,
86-JG-000003,Christ the King College,DIC,,,RVM,,
86-JD-000036,Living Spring Academy,DIC,,"PUROK ORCHIDS, VILLA VERDE",,,
86-JG-000028,Miraculous Medal Learning Ctr,DIC,,EL SALVADOR,,,
86-JD-000075,St. Therese de Avila Learning Center,DIC,,,,,ICPSA
86-JB-000003,Angelicum Learning Center,DIC,,"MANGO ST., CARMEN",,,"CAPES, APSSCO"
86-JD-000022,Iligan Capitol College -e/hs,DIC,,MAHAYAHAY,,,ICPSA
86-JG-000039,St. Anthony Parish School,DIC,,MANTICAO,SPC,Cagayan De Oro,
86-JD-000072,St. Peters College,DIC,SABAYLE,,,,ICPSA
86-JG-000059,PRO INTEGRATED SCHOOL,DIC,,"TAGOLOAN,MISAMIS ORIENTAL",,,"CAPES, ACSI"
86-JB-000106,"Rosevale Foundation, Inc.",DIC,"XAVIER ESTATE PHASE 4,","FR. W. MASTERSON AVENUE, AIRPORT ROAD",,,APSCCO/CAPES
86-JD-000049/C6-JD-000049,MSU,DIC,,,,,
86-JB-000009,Bright Rock School,DIC,,BUGO,,,CAPES/APSSCO
86-JG-000026/86-JG-000027,Mindanao Mission Academy- E/HS,DIC,,,SDA - MIN,,
86-JE-000013,Our Lady of Perpetual Help Academy,DIC,,LINAMON,,Iligan,
86-JE-000016,St. Vincent Academy,DIC,C/O EVELYN YEE,"KAUSWAGAN,LANAO DEL NORTE",,Ilagan,
86-JB-000107,Sacred Heart Academy,DIC,,BUGO,RSM,Cagayan De Oro,CAPES/APSSCO
86-JB-000155,NOAH'S ARK CHRISTIAN SCHOOL,DIC,,"TABLON,CAGAYAN DE ORO CITY",,,ACSI
86-JB-000153,Gynth Learning Center,DIC,,"IPONAN,CAGAYAN DE ORO CITY",,,CAPES
86-JG-000033,Riverdale  School,DIC,ZONE 7,BARRA OPOL,,,
86-JE-000004,Holy Cross High School,DIC,,KOLAMBUGAN,,Iligan,
86-JB-000043,Golden Boulevard SDA School- E,DIC,,UPPER CARMEN,SDA - MIN,,CAPES
86-JB-000143,St. Marys Academy of Iponan,DIC,,"PAG-IBIG CITY SUBD, IPONAN",rvm,,
86-JB-000115,St. Ignatius Learning Center,DIC,,"BLCK 67, XAVIER HEIGHTS SUBD.,",,,CAPES
87-KB-000238,Royal Valley SDA Elem. School,DIC,,BANGKAL DAVAO CITY,SDA - MIN,,
86-JB-000146,DOMINUS INTERNATIONAL SCHOOL/LITTLE ME,DIC,KAUSWAGAN,CAGAYAN DE ORO,,,CAPES
86-JG-000013,Gingoog City SDA Elementary School,DIC,,JADOL-GUINDAYA,SDA - MIN,,
86-JD-000082,Tibanga SDA Elementary School,DIC,"NORTHGATE STS., BRGY., SAN MIGUEL",,SDA - MIN,,ICPSA
86-JD-000035,Lanao Chung Hua Shool,DIC,,PALA-O,,,ICPSA
86-JE-000014,Sto. Ni絪 High School (Bacolod),DIC,,BACOLOD,,ILIGAN CITY,
86-JD-000093,YOUNGSTER CHRISTIAN SCHOOL,DIC,"LA SALLE ROAD,ILIGAN CITY",,,,ICPSA
86-JD-000018,Holy Family School,DIC,,,,,ICPSA
87-KB-000074,Davao City SDA Elem. School,DIC,PALM DRIVE,"BAJADA, DAVAO CITY",SDA - MIN,,
86-JG-000043,St. Mary's Academy of Jasaan,DIC,,JASAAN,RVM,,
86-JB-000014,Cagayan de Oro Christian School,DIC,,"UCCP COMPOUND, F. ABELLANOSA STS.,",,,ACSI
86-JB-000100,Pilgrim Christian College,DIC,,U.AKUT- TIANO BROTHER,,,ACSI
86-JB-000167,BLESSED JUANA CONDESA SCHOOL,DIC,,"BULUA TERMINAL,CAGAYAN DE ORO",,,CAPES
86-JB-000209,KING OF ZION,DIC,"AGUSAN,CAGAYAN DE ORO CITY",,,,
86-JD-000066,St. Catherine Academy,DIC,SUAREZ,,,,ICPSA
86-JD-000029,Iligan Medical Center College,DIC,,"SAN MIGUEL VILLAGE, PALAO",,,ICPSA
86-JG-000036,San Benildo Integrated School,DIC,,OPOL,,,LASSO
86-JB-000045,Golden Cedar School,DIC,,AGUSAN,,,CAPES
86-JG-00003,Shekinah Glory Christian Academy,DIC,,,,,
86-JD-000087,United Methodist Dev. Academy,DIC,ILIGAN CITY,,,,ICPSA
86-JG-000030,Opol SDA Elementary School,DIC,,OPOL,,,SDA
87-KB-000273,Univ. of Mindanao - elem,DIC,,"MATINA, DAVAO CITY",,,DACS
86-JB-000188,STELLA MARIS-CDO,DIC,,CAGAYAN DE ORO CITY,,,
86-JG-000031,Our Lady of Peace Learning Center,DIC,,LUGAIT,,MISAMIS ORIENTAL,
86-JB-000057,"International School of CDO, Inc.",DIC,,"EAGLE ST., SAN ISIDRO VILL.,KAUSWAGAN",,,CAPES/APSSCO
86-JG-000040,St. John the Baptist High School,DIC,,LAGONGLONG,RVM,,
86-JB-000070,Mary Mount Academy,DIC,,"PINNADE AVE., BALULANG",,,CAPES/APSSCO
86-JB-000047,Good Shepherd Christian School,DIC,,"MUCU, CARMEN",,,
86-JD-000007,Christian Horizon  School,DIC,,OBALDO DILAYA,,,ICPSA
86-JB-000072,Millenium Christian Academy,DIC,,"ZONE 3, BULUA",,,CAPES/APSSCO
86-JD-000051,Nazarious Child Dev. Foundation,DIC,,"ZAMORA EXT., VILLA VERDE",,,ICPSA
86-JB-000122,Summer Hills School Foundation,DIC,TEJERO,PATAG,,,CAPES/APSSCO
86-JD-000017,Holy Family Progressive School/ CFC Child in the morning,DIC,,"SEMINAR DRIVE, PALA-O",,,ICPSA
86-JG-000032,Prophets Pen Academy,DIC,,GITAGUM,,,
86-JB-000186,DIAMOND EVANGELICAL SCHOOL,DIC,,"CAMP,EVANGELISTA,PATAG,CAGAYAN DE ORO",,,CAPES
86-JG-000046,St. Marys Academy of Talisayan,DIC,,TALISAYAN,RVM,,
86-JE-000012,Mindanao Science Academy,DIC,,LINAMON,,,
86-JB-000170,MARANATHA CHRISTIAN ACADEMY,DIC,,ZONE 1 PELAEZ ST.KAUSWAGAN,,,ACSI
86-JG-000014/C6-JG-000014,Grace Christian School,DIC,,,,,
86-JG-000061,REGINA ANGELORUM SCHOOL,DIC,,"VILLANUEVA,MISAMIS ORIENTAL",,MISAMIS ORI,
86-JD-000055,Queen of Angels Learning Center,DIC,KIWALAN,KIWALAN,,,icpsa
86-JE-000005,Kapatagan Valley SDA,DIC,,KAPATAGAN,SDA - MIN,,
86-JB-000144,ACADEMY FOR INTERNATIONAL EDUCATION,DIC,C/O DR. FE OPINA,"KAUSWAGAN HIGH WAY,CAGAYAN DE ORO",,,
86-JG-000019,Holy Family School of Misamis Oriental,DIC,,JASAAN,,,
86-JG-000051,TAGOLOAN LEARNING CENTER,DIC,,TAGOLOAN,,,
86-JG-000038,Santo Ni絪 High School (Gitagum),DIC,,GITAGUM,SPC,,
86-JD-000020,ICECS EAST TAMBO,DIC,,,,,
86-JB-000026/C6-JB-000026,CITY CENTRAL SCHOOL,DIC,,YACAPIN-VELEZ,,,
86-JG-000008,El Salvador Colleges,DIC,,EL SALVADOR,,,
86-JD-000013,"F. Margaret Anne Learning Center, Inc.",DIC,,"DO헤 MARIA SUBD., BARA-AS",,,ICPSA
86-JB-000089,Nanuri International School,DIC,,"TAGUANAO, INDAGHAG",,,
86-JD-000061,Shekinah Hope Christian School,DIC,,,,,ICPSA
86-JD-000001,Abecedarian Dev. School,DIC,,"34 ZAMORA STS., POBLACION",,,ICPSA
86-JB-000025,Christian School for Life,DIC,,,,,ACSI
86-JD-000052,New Life Christian Academy,DIC,"JEFFREY ROAD, PALAO",,,,ICPSA
86-JB-000154,PRO-IS GREENVILLE SCHOOL,DIC,,"BUGO,CAGAYAN DE RO CITY",,,
86-JG-000075,NEW HOPE CHRISTIAN SCHOOL,DIC,,TAGOLOAN,,,
86-JD-000004,Berean Christian Academy,DIC,,"PUROK 12, CANAWAY",,,
86-JB-000196,HAPPY LAND INTERNATIONAL SCHOOL,DIC,,,,,
86-JG-000042,St. Jude Thadeus Academy,DIC,VAMENTA ESTATE,"BARRA, OPOL",,,
86-JE-000022,OUR LADY OF LOURDES LRNG PLACE OF MAIGO,DIC,"P-1 CLARO M. RECTO,MAIGO",LANAO DEL NORTE,,,
86-JE-000017,St. Joseph's Community High School,DIC,,"SAPAD,LANAO DEL NORTE",,Iligan,
86-JB-000141,Foundation of Our Lady of Divine Love,DIC,,GUSA,,,
86-JB-000010,Bugo Christian School,DIC,,RVS BUGO,,,UCCP
86-JD-000005,Bethany Baptist Academy,DIC,,,,,ICPSA
86-JG-000012,Gingoog SDA Academy,DIC,,,SDA - MIN,,
86-JD-000032,IMMANUEL FOUNDATION ACADEMY,DIC,,ILIGAN CITY,,,ICPSA
86-JG-000065,LIVING HOPE CHRISTIAN SCHOOL,DIC,,"ALUBIJID,MISAMIS ORIENTAL",BORN AGAIN,,
86-JD-000076,Sto. Nino Academy de Iligan,DIC,,,,,ICPSA
86-JB-000137,Cannosa Kinder School,DIC,HILLSIDE COLAMBOG,LAPASAN,,,
86-JD-000068,St. Matthew Montessori School,DIC,,ILIGAN CITY,,,
86-JD-000102,DALIPUGA-ST.PAUL ACADEMY,DIC,,ILIGAN CITY,,,ICPSA
86-JD-000021,"ICTI Polytechnic College, Inc.",DIC,,COCO GROOVE,,,
86-JG-000073,CHERIBIUM LEARNING CENTER,DIC,"CLAVERIA, MISAMIS ORIENTAL",,,,
86-JG-000044,St. Mary's Academy (lunao),DIC,,LUNAO,RVM,,
86-JB-000126,United Methodist Learning Center,DIC,,COGON,,,
86-JB-000159,IPONAN CENTRAL SCHOOL,DIC,,"IPONAN,CAGAYAN DE ORO CITY",,,
86-JB-000012,BULUA CENTRAL SCHOOL,DIC,,BULUA,,,
86-JG-000064,JESUA SEPTUAGINT SCHOOL,DIC,,"PUROK 3,LUNAO,GINGOOG CITY",,,
86-JG-000077,MARION SCHOOL,DIC,,"MEDINA, MIS.OR.",,,
86-JG-000070,ELIZ LEARNING CENTER,DIC,,"INITAO,MISAMIS ORIENTAL",,,
86-JD-000101,JAMN KIDDIE ACADEMY,DIC,"VICENT STS., TIBANGA",ILIGAN CITY,,,
86-JD-000045,Mother Hubbard Learning Center,DIC,,"VENUS ST., RABAGO SUBD., VILLA VERDE",,,ICPSA
86-JD-000078,Sto. Rosario Village School,DIC,,,,,ICPSA
86-JB-000200,GREENLAND ACADEMY,DIC,BUGO,,,,
86-JB-000053,Holy Rosary Kinder School,DIC,,AGUSAN,,,
86-JD-000057,Redeemer Lutheran School,DIC,,,,,ICPSA
86-JB-000198,CHRISTIAN SAMARITAN SCHOOL,DIC,"PUERTO, CAGAYAN DE ORO CITY",,,,
86-JD-000054,PRESBYTERIAN CHRISTIAN ACADEMY,DIC,,,,,ICPSA
86-JD-000091,INTERASIA BUSINESS INSTITUTE,DIC,"TIPANOY,",,,,
86-JG-000024,Living Word Kinder School,DIC,,GINGOOG CITY,Baptist,,
86-JD-000097,KID NATION,DIC,,ILIGAN CITY,,,ICPSA
86-JD-000025/C6-JD-000025,ILIGAN CITY CENTRAL SCHOOL,DIC,,MAHAYAHAY,,,
86-JB-000148,BALULANG CENTRAL SCHOOL,DIC,BALULANG,CAGAYAN DE ORO CITY,,,
86-JE-000018,ST.FRANCIS XAVIER HIGH SCHOOL-KAPATAGAN,DIC,,"KAPATAGAN,LANAO DEL NORTE",,ILIGAN,
86-JG-000023,Liberty Christian School,DIC,,VILLANUEVA,,,
86-JD-000116,ILIGAN CITY NATIONAL HIGH SCHOOL,DIC,,ILIGAN CITY,,,
86-JE-000007,Lanipao Catholic High School,DIC,,,,Iligan,
86-JD-000103,TIMONTHY CHRISTIAN ACADEMY,DIC,,ILIGAN CITY,,,ICPSA
86-JD-000107,MINDANAO SANITARIUM HOSPITAL & COLLEGE,DIC,ILIGAN CITY,,,,ICPSA
86-JD-000109,SGT.MIGUEL CANOY MEMORIAL CENTRAL SCHOOL,DIC,"BURUUN, ILIGAN CITY",,,,
86-JE-000015,Santo Ni絪 Academy (Baroy),DIC,"BAROY,LANAO DEL NORTE",,,ILIGAN,
86-JB-000065,Living Spring Foundational  Center,DIC,,"IPONAN,CAGAYAN DE ORO",,,
86-JD-000100,DIVINE WISDOM ACADEMY,DIC,,"LA SALLE ROAD,ILIGAN CITY",,,
86-JB-000050,Guiding Light School,DIC,,"SAN RESTITUS ST., NHA KAUSWAGAN",,,
86-JD-000108,MARANATHA CHRISTIAN ACADEMY-ILIGAN,DIC,ILIGAN CITY,,,,
86-JE-000021,BIBLE BAPTIST CHRISTIAN ACADEMY,DIC,"PUROK NILO,MARANDING,LANAO DEL NORTE",,,,
86-JB-000130,Xaris Christian School,DIC,,MACASANDIG,,,CAPES
86-JB-000189,HERITAGE CHRISTIAN SCHOOL,DIC,,CAGAYAN DE ORO CITY,,,
86-JD-000090,NI헲 THE CHILD JESUS CATHOLIC LRNG CNTR,DIC,,ILIGAN CITY,,,
86-JD-000050,Napocor Elem. School,DIC,MA. CRISTINA,,,,
86-JD-000110,AIMPLUS TUTORIAL AND REVIEW CENTER,DIC,"LA SALLE ROAD,PALO-O, ILIGAN CITY",,,,
86-JG-00001,Oro Bible College,DIC,,,,,
86-JG-000069,Bobuntugan Christian School,DIC,,"JASAAN,MIS.OR",,,
86-JB-000129,WEST CITY CENTRAL SCHOOL,DIC,,"ILAYA, CARMEN",,,
86-JE-000019,EARLY CHILDHOOD DEVELOPMENT CENTER,DIC,,"BALO-I,LANAO DEL NORTE",,,
86-JB-000008,Blessed Child Academy,DIC,,IPONAN,,,
86-JB-000109,San Agustin Valley Learning Center,DIC,,"SAN AGUSTIN SUBD.,CANITOAN",,,
86-JD-000067,St. Margaret Child Learning Center,DIC,,,,,
86-JD-000079,Suarez Foundation Academy,DIC,,,,,
86-JD-000083,Tipanoy Elem. School,DIC,,TIPANOY,,,
86-JG-00000,Lagonglong Baptist Christian Sch,DIC,,,,,
86-JG-000017,Guevarra Institute of Technology,DIC,,GUAZON,,,
86-JG-000063,Opol Grace Christian School,DIC,,"OPOL, MISAMIS ORIENTAL",,,
87-KB-000012,Phil.Womens College,DIC,"BELISARIO HEIGHTS, BAJADA",,,,
86-IB-000002/86-IB-000003,Ateneo de Zamboanga-E/HS,HAM,,,SJ,,ZAMBASULTAPS
86-IB-000049/86-IB-000021,Western Mindanao State Univ,HAM,,,,,
86-JF-000014,"St, Michael High School",HAM,TANGUB CITY,MISAMIS OCCIDENTAL,,Ozamiz,ACE
86-PE-000002,Notre Dame of Bongao,HAM,,,OND,Vicariate of Jolo (Sulu),ZAMBASULTAPS
86-IB-000022,Zamboanga Chong Hua School,HAM,,"GE. VINCENTE ALVAREZ STS.,",,,ZAMBASULTAPS
86-PD-000002,Notre Dame of Jolo for Girls,HAM,,JOLO,OP-SIENA,Vicariate of Jolo (Sulu),
86-IB-000029,Pilar College,HAM,,JUSTICE R.T.LIM BLVD.ZAMBOANGA CITY,RVM,,ZAMBASULTAPS
86-ID-000037,HOLY CHILD ACADEMY,HAM,PAGADIAN,,,Pagadian,ZAMBASULTAPS
86-IB-000007,Claret High School,HAM,,"RUSTE DRIVE, SAN JOSE",CMF,,ZAMBASULTAPS
86-IB-000013,Imma. Conception Archdio School,HAM,,"CALARIAN,ZAMBOANGA CITY",,Zamboanga,
86-JF-000013,San Nicolas High School,HAM,,"PLARIDEL,MISAMIS OCCIDENTAL",,Ozamiz,ACE
86-JF-000003,La Salle University - Ozamis,HAM,OZAMIS CITY,,LASSO,Ozamiz,
86-ID-000008,St. Columban College,HAM,,PAGADIAN CITY,,Pagadian,ZAMBASULTAPS
86-IB-000018,St. Joseph School ,HAM,GOV. CAMINS AVENUE,ZAMBOANGA CITY,OP - Rosarian,Zamboanga,ZAMBASULTAPS
86-IC-000029/86-IC-000030/86-IC-000007,ST. VINCENT COLLEGE-ELEM./HS,HAM,,,,,
86-IC-000025,ANDRES BONIFACIO COLLEGE-EHS,HAM,,"NBC COMPOUND,DIPOLOG CITY",,,
86-IE-000004/86-IE-000005,Marian College- E/HS,HAM,,,SFIC,Ipil,ZAMBASULTAPS
86-IB-000005,Bethany Child & Dev. Center,HAM,,"BRILLANTES CMPND.,STA. MARIA",,,
86-JF-000008,Stella Maris Academy,HAM,,"OROQUETA CITY,MISAMIS ORIENTAL",FMC,Ozamiz,
86-JF-000031,SACRED HEART COLLEGE,HAM,,"POBLACION CALAMBA,MISAMIS OCCIDENTAL",,Ozamiz,ACE
86-IB-000056,ZAMBOANGA PURICULTURE CENTER,HAM,"LA PURISIMA ST., ZAMBOANGA CITY",,,,ZAMBASULTAPS
86-IB-000012,Imma. Conception Archdio School,HAM,,TETUAN,,Zamboanga,ZAMBASULTAPS
86-PA-000002,Claret College of Isabela,HAM,,"PO BOX 8692 ROXAS AVENUE, ISABELA CITY,",,Basilan,ZAMBASULTAPS
86-IB-000014,Immaculate Conception Elem. School,HAM,,"M.NATIVIDAD ST.TETUAN,ZAMBOANGA CITY",,Zamboanga,ZAMBASULTAPS
86-JF-000030,ST. MATTHEWS HIGH SCHOOL,HAM,,"ALORAN,MISAMIS OCCIDENTAL",,Ozamiz,ACE
86-JF-000005/86-JF-000019,Misamis University-E/HS,HAM,,,,,
86-ID-000032,SACRED DIOCESAN SCHOOL,HAM,ZAMBOANGA DEL SUR,,,Pagadian,ZAMBASULTAPS
86-IB-000024,Zion Evangelical School,HAM,CANELAR,,,,ZAMBASULTAPS
86-ID-000035,IMMACULATECONCEPTION HIGH SCHOOL,HAM,"ETUGO, ZAM. DEL SUR",,,Pagadian,ZAMBASULTAPS
86-JF-000016,St. Vincent High School,HAM,BONIFACIO,MISAMIS OCCIDENTAL,,Ozamiz,ACE
86-IB-000031,Ferndale International School,HAM,,GOV.ALVAREZ AVE.ZAMBOANGA CITY,,,ZAMBASULTAPS
86-JF-000007,Ozamis City SDA Elem. School,HAM,,,,,
86-IC-000017,DIPOLOG COMMUNITY SCHOOL,HAM,,"RIZAL AVE.,COR.ARELLANO ST.DIPOLOG CITY",,,
86-JF-000023,SCHOOL OF ST.JOHN THE BAPTIST,HAM,,"JIMENEZ,MISAMIS OCCIDENTAL",,Ozamiz,ACE
86-IE-000006,ST. Paul School,HAM,,BUUG,SPC,Ipil,ZAMBASULTAPS
86-IC-000005,St. Marys Academy,HAM,,,RVM,Dipolog,ZAMBASULTAPS
86-IC-000032,ST. KOSKA ESTANISLAO COLLEGE,HAM,"POBLACION, MANUKAN",ZAMBOANGA DEL NORTE,,,
86-IB-000027,Zam. State Coll of Marine Sci Tech - HS,HAM,,"PORT PILAN,RIO HONDO,",,,
86-PA-000001,Claret College of Lamitan,HAM,,LAMITAN,OP - Rosarian,Isabela,ZAMBASULTAPS
86-JF-000024,PANAON COMMUNITY HIGH SCHOOL,HAM,,"PANAON,MISAMIS OCCIDENTAL",,Ozamiz,ACE
86-PE-000001,Bongao Adventist Elem. School,HAM,,"29 ADVENTVILLE DRIVE, TUBIG BOH BONGAO",,,SDA
86-IB-000050,SOUTHERN CITY COLLEGE-E/HS,HAM,,PILAR ST.ZAMBOANGA CITY,,,ZAMBASULTAPS
86-ID-000004,Jack & Jill Pre-School,HAM,,"URRO STS., FAJARES AVENUE",,,
86-JF-000036,SAN NICHOLAS HIGH SCHOOL,HAM,"PLARIDEL, MISAMIS OCCIDENTAL",,,Ozamiz,ACE
86-JF-000017,San Isidro Academy ,HAM,TADELA,MISAMIS OCCIDENTAL,,Ozamiz,ACE
86-ID-000025,STA. TERISITA ACADEMY,HAM,"AURORA, ZAM. DEL SUR",,,Pagadian,ZAMBASULTAPS
86-IE-000001,Ipil Grace Christian School,HAM,,IPIL,,,
86-IB-000006,Cadwell SDA Elem. School,HAM,,R.T. LIM BLDG. ZAMBOANGA CITY,,,SDA
86-PE-000003,BONGAO DISCOVERY LEARNING CENTER,HAM,,"BONGAO,TAWI-TAWI",,,
86-IC-000013,Dipolog SDA Elem. School,HAM,,KATIPUNAN ST.DIPOLOG CITY,,,SDA
86-JF-000038,MOUNT CARMEL HIGH SCHOOL,HAM,"BALINGAO,MISAMIS OCCIDENTAL",,,,
86-IB-000057,YOGI SCHOOL,HAM,"Cabato,Dr.Veterans Ave., Zamboanga City",,,,
86-IB-000001,A.B. Simpson Alliance School,HAM,,"TETUAN, ZAMBOANGA CITY",,,
86-ID-000028,SAN ISIDRO HIGH SCHOOL,HAM,"TAMBULIK, ZAM. DEL SUR",,,Ozamiz,ACE
86-IE-000008,DIPLAHAN ADVENTIST ELEM.SCHOOL,HAM,,"POBLACION,DIPLAHAN,ZAMBOANGA CITY",,,SDA
86-JF-000012,Ozamis Montessori School,HAM,"CIRCUMFERENTIAL ROAD,OZAMIZ CITY",MISAMIS ORIENTAL,,,
86-IC-000006,St. Marys Academy,HAM,,LABASON,RVM,,
86-JF-000035,FMC MA SCHOOL,HAM,Ozamis City,,,Ozamiz,ACE
86-IB-000058,UNIQUELY PROGRESSIVE ACADEMY FOUNDATION,HAM,ZAMBOANGA CITY,,,,
86-JF-000011,Woodrosridge School,HAM,,,,,
86-IC-000027,DMC COLLEGE FOUNDATION SCIENCE HS,HAM,,"STA.FILOMENA,DIPOLOG CITY",,,
86-JF-000004,Misamis Union High School,HAM,,LAM-AN,,,
86-ID-000027,SAN JOSE ACADEMY,HAM,"DUMINGAG, ZAM.DEL SUR",,,Pagadian,ZAMBASULTAPS
86-IE-000013,MARCELO SPINOLA SCHOOL,HAM,,"IPIL,ZAMBOANGA SIBUGAY",ADC,Ipil,Zambasutaps
86-ID-000036,HOLY FAMILY HIGH SCHOOL,HAM,"RAMON,ZAM. DEL SUR",,,Pagadian,Zambasutaps
86-PE-000004,NOTRE DAME OF SIBUTU,HAM,,"C/O HOLY ROSARY PARISH,BONGAO TAWI-TAWI",,Jolo,Zambasutaps
86-IC-000003,Siocon SDA Elem. School,HAM,,SIOCON,,,SDA
86-IC-000020,ST. JOSEPH COLLEGE,HAM,,"SINDANGAN,ZAMBOANGA DEL NORTE",,Dipolog,
86-IB-000017,Sarang Bangun Learning Center,HAM,,"NEW SLANE, BALIWASAN",,,
86-IB-000009,EBENEZER BIBLE COLLEGE & SEMINARY,HAM,UPPER CALARIAN,,,,
86-JF-000015,Holy Child High School,HAM,CLARIN,MISAMIS OCCIDENTAL,,Ozamiz,
86-ID-000030,ST. ANDREW ACADEMY,HAM,"SAN PABLO, ZAM. DEL SUR",,,Pagadian,Zambasutaps
86-IB-000016,Red Cross Youth Academy,HAM,,"PETIT BARRACKS,ZAMBOANGA CITY",,,
86-IE-000002,Ipil SDA Elem. School,HAM,IPIL,IPIL,,,SDA
86-PE-000005,NOTRE DAME OF SABAWAN,HAM,,"BONGAO,TAWI-TAWI",,Jolo,Zambasutaps
86-ID-000010,N. Bona SDA Elem. School,HAM,,SAN PEDRO ST.PAGADIAN CITY,SDA - MIN,,
86-JF-000009,Talairon SDA Elem. School,HAM,,,,,SDA
86-JF-000032,HOLY ROSARY ACADEMY,HAM,,"SAPANGDALAGA,MISAMIS OCCIDENTAL",,Ozamiz,ACE
86-IB-000060,FILIPINO-TURKISH TOLERANCE SCHOOL,HAM,,,,,Zambasutaps
86-ID-000033,LOURDES ACADEMY,HAM,"SAN MIGUEL, ZAM. DEL SUR",,,Pagadian,Zambasutaps
86-ID-000001,Bato SDA Elem School,HAM,,BATO,,,SDA
86-IC-000004,Sola Christian Academy,HAM,,"HERERA COR. MABINI STS., DIPOLOG CITY",,,
86-IB-000008,Dominican Kindergarten School,HAM,,,OP - Rosarian,Zamboanga,ZAMBASULTAPS
86-ID-000005,Molave SDA Elem. School,HAM,,MOLAVE,,,
86-JF-000041,ST. CONSTATINE LEARNING CENTER,HAM,,OZAMIS CITY,,,
86-JF-000025,ST. JOSEPH HIGH SCHOOL -SINACABAN,HAM,,"SINACABAN,MISAMIS OCCIDENTAL",,Ozamiz,ACE
86-ID-000006,Pagadian City Adventist Center Pre-Sch,HAM,BULATOK,PAGADIAN CITY,,,SDA
86-JF-000040,CLARIN SDA ELEMENTARY SCHOOL,HAM,CLARIN,MISAMIS OCCIDENTAL,,,
86-ID-000022,TAMBULIG ADVENTIST ELEMENTARY SCHOOL,HAM,"TAMBULIG,ZAMBOANGA DEL SUR",,,,SDA
86-ID-000034,IMMACULATE HEART ACADEMY,HAM,"DUMALINO, ZAM. DEL SUR",,,Pagadian,Zambasultaps
86-PE-000006,BONGAO ADVENT ACADEMY,HAM,,"TAWELCO DRIVE,TUBIG BOH BONGAO,TAWI-TAWI",,,
86-JF-000000,Farmers Institute - UCCP,HAM,,,,,
86-IB-000019,Sto. Nino Village Academy,HAM,,"STO. NI헲 VILLAGE, PUTIK",,,
86-JF-000000,UCCP Ozamis,HAM,,,,,
86-ID-000039,TIMONAN ADVENTIST SCHOOL,HAM,"TIMONAN, DUMINGAG ZAMBOANGA DEL SUR",,,,
86-IB-000059,NUEVO ZAMBOANGA COLLEGE,HAM,"VALDEROSA, ZAMBOANGA CITY",,,,
86-ID-000026,STA. MARIA GORETTI DIOCESAN SCHOOL,HAM,"MAHAYAG, ZAM. DEL SUR",,,Pagadian,Zambasutaps
86-IB-000051,OUR LADY OF MERCY KINDERGARTEN,HAM,,"DE LEON ST.STA.MARIA,ZAMBOANGA CITY",,,
86-ID-000024,HOLY TRINITY SCHOOL,HAM,"LIPSALIP, ZAM. DEL SUR",,,Pagadian,Zambasutaps
86-ID-000031,ST. AMBROS HIGH SCHOOL,HAM,"TABINA,ZAM. DEL SUR",,,Pagadian,Zambasutaps
86-ID-000016,BAGANIAN PENINSULA SDA LRNG CENTER,HAM,,"DINAS,ZAMBOANGA DEL SUR",,,SDA
86-IC-000018,RIZAL SDA ELEMENTARY SCHOOL,HAM,,"POBLACION,RIZAL ZAMBOANGA DEL NORTE",,,SDA
86-IC-000031,OSME헤 SDA SCHOOL,HAM,Dipolog city,,,,SDA
86-ID-000011,Pagadian City Chamber School,HAM,C/O UYBALIAN ENTERPRISES # 344 F.S.,PAJARES AVE.PAGADIAN CITY,,,
86-PA-000005,MADRASAH AL MANARAH SCHOOL,HAM,,"RIZAL AVENUE,ISABELA BASILAN",,,
86-IC-000014,Colegio de San Francisco Javier,HAM,,"RIZAL,ZAMBOANGA DEL NORTE",,Dipolog,
86-IB-000032,Jesus is Lord Christian School,HAM,,"DONA NERA,GOV.RAMOS STA.MARIA",,,
86-IC-000000,"Arch. Of Angel School Foundation, Inc.",HAM,,,,,
86-JF-000027,NEW MALANGAS SDA ELEM.SCHOOL,HAM,,"POBLACION,MALANGAS",SDA - MIN,,
86-ID-000009,Western Mindanao Academy,HAM,,DUMINGAG,,,SDA
86-IB-000068,WMSU-COLLEGE OF SOCIAL WORK AND COMM.DEV,HAM,,"NORMAL ROAD,BALIWASAN,ZAMBOANGA CITY",,,
86-ID-000013,Tukuran SDA Elem. School,HAM,TUKURAN,ZAMBOANGA DEL SUR,,,SDA
86-IC-000010,Child Center for Learning & Dev,HAM,,"SICAYAB,DIPOLOG CITY",,,
86-IC-000009,UCCP Pre-school,HAM,,"E. CHAVEZ STS., DIPOLOG CITY",,,
86-IC-000008,Polanco Central School,HAM,"c/o SOLA CHRISTIAN ACADEMY, DIPOLOG CITY",,,,
86-ID-000002,BAYOG SDA ELEMENTARY SCHOOL,HAM,,"BAYOG,ZAMBOANGA DEL SUR",,,SDA
86-IB-000061,UNIVERSIDAD DE ZAMBOANGA-E/HS,HAM,"Arturo Eustaquio Quadrangle,Zam City",,,,ZAMBASULTAPS
86-IC-000012,De Lasalle- DMC Pre-School,HAM,DIPOLOG CITY,,,,
86-IC-000034,DIPOLOG CITY INSTITUTE OF TECHNOLOGY,HAM,,"NATIONAL HIGHWAY,MINAOG DIPOLOG CITY",,,
86-IB-000034,MEIN COLLEGE,HAM,SAN JOSE GUSU,ZAMBOANGA CITY,,,Zambasultaps
86-IB-000062,ICAS DE MERCEDES PARISH PRE SCHOOL,HAM,,,,Zamboanga,ZAMBASULTAPS
86-JF-000018,ST. Francis Xavier High School,HAM,LOPEZ JAENA,MISAMIS OCCIDENTAL,,Ozamiz,
86-JF-000021,LIGHTHOUSE COOL BRIDGE ACADEMY,HAM,"PUROK 1,LOWER STA.CRUZ# 7214",TANGUB CITY,,,
86-IB-000064,SANTA BAMBINA INTEGRATED PRE SCHOOL,HAM,ZAMBOANGA CITY,,,,
86-IC-000015,St. Vincent Ferrer Kinder School,HAM,,"LABASON,ZAMBOANGA DEL NORTE",,,
86-ID-000000,Pagadian Montessori Center,HAM,,,,,
86-PE-000000,Bongao Alliance Evangelical School,HAM,,,,,SDA
86-JF-000022,ST Patrick High School,HAM,PLARIDEL,MISAMIS OCCIDENTAL,,Ozamiz,ACE
86-IB-000039,LA CUIDAD MONTESSORI SCHOOL,HAM,,LOOG BLDG.VETERANS AVE.ZAMBOANGA CITY,,,
86-IB-000004,AWC Learning Center,HAM,,"A&W SUBD., PHASE 6, PURTIK",,,
86-ID-000003,Dumingag Christian Alliance Lrng. Ctr,HAM,,DUMINGAG,,,
86-IB-000040,ZAMBOANGA WEST NATIONAL HIGH SCHOOL,HAM,,"CAWA-CAWA,ZAMBOANGA CITY",,,
86-IB-000063,SANTA CATALINA DAY CARE CENTER,HAM,"EMARTA DRIVE,ZAMBOANGA CITY",,,,
86-IE-000003,Manresa Pre-School,HAM,,"POBLACION, TITAY, ZAMBAOANGA SIBUGAY",,,
86-IC-000002,Sacred Heart Kinder School-dipolog,HAM,,"PADRE RAMON STS.,DIPOLOG CITY",,Dipolog,
86-IB-000030,Little Shepherd Montessori,HAM,,PHASE 4 AN GUIWAN ZAMBOANGA CITY,,,
86-JF-000010,Victorious Christian School,HAM,,"JIMINEZ,MISAMIS OCCIDENTAL",,,
86-IB-000069,MARANATHA CHRISTIAN ACADEMY,HAM,,"GUIWAN, ZAMBOANGA CITY",,,
86-IC-000033,MARANATHA CHRISTIAN ACADEMY-DIPOLOG,HAM,"MINAOG,DIPOLOG CITY",,,,
86-JF-000026,LANDON ACADEMY,HAM,2ND FLR.MEDINA BLDG.BURGOS ST.,OZAMIZ CITY,,,
86-IC-000016,ZAM.DEL NORTE FEDERATION OF PARENTS ASSO,HAM,DOOR 3 ONARI APARTMENT,"RIZAL AVE.EXT,ESPAKA ,DIPOLOG CITY",,,
86-IE-000007,Xavier High School,HAM,,MABUHAY,OP - Rosarian,Ipil,
86-IC-000001,ROSE KINDERGARTEN SCHOOL,HAM,,LAPU LAPU ST.DIPOLOG CITY,,,
88-LC-000031/C8-LC-000031,Holy Trinity College,MIL,"Daproza Avenue,",,,,PSBEA
88-LE-000033,Notre Dame of Marbel University,MIL,"Alunan Avenue,",,FMS,Marbel,CEAP/NDEA/CKPRISEA
88-LE-000035,Notre Dame Siena School of Marbel,MIL,,,OP-SIENA,Marbel,NDEA/CEAP
87-KB-000127,Holy Cross of Calinan,MIL,,"CALINAN, DAVAO CITY",PM,Davao,DACS
88-LC-000052/C8-LC-000052,Notre Dame of Dadiangas College - Integrated Basic Education Dept. (Merging of Notre Dame of Dadiangas College - HS Dept and Notre Dame of Lagao Boys,MIL,"Lagao,",,FMS,Marbel,CEAP/NDEA 
87-KD-000006,Cor Jesu College -BED,MIL,,DIGOS CITY,SC,Digos,
87-KB-000133,Holy Cross Academy of Sasa,MIL,,"SASA, DAVAO CITY",TDM,Davao,DACS
87-KD-000030,St. Michael School of Padada,MIL,,"PADADA,DAVAO DEL SUR",PM,Digos,CEAP/DACS/COCOPEA
88-LE-000029,Mary Land Learning Center,MIL,,,,,CKPRISEA/Socoprisaa
88-LC-000068/C8-LC-000068,Shalom Crest Wizard Academy,MIL,"Block 8, Dadiangas Heights,",,,,
88-LC-000056,Notre Dame of General Santos City,MIL,"San Isidro, Lagao",,OP-SIENA,Marbel,CEAP/NDEA 
88-LE-000058,Notre Dame of Surala,MIL,"Suralah,",,SPC,Marbel,CEAP/NDEA 
88-LE-000054,NOTRE DAME OF NORALA-E/HS,MIL,"Norala,",,,Marbel,CEAP/NDEA
88-LC-000050,New Era University,MIL,"Purok Malakas,",,Iglesia ni Cristo,,
88-LC-000059/C8-LC-000059,Quantum Academy,MIL,"Lagao,",,,,PSBEA
88-LC-000054,Notre Dame of Dadiangas College - Elem. Dept.,MIL,"Lagao,",,FMS,Marbel,
88-LE-000010,Notre Dame of Polomolok,MIL,,"Polomolok, South Cotabato",OP-SIENA,Marbel,CEAP/NDEA/SOCOPRISAA
88-LC-000055,Notre Dame of Dad. College - Espina Campus,MIL,"Lanton, Espina",,FMS,,NDEA/CEAP
88-LC-000033,Hope Christian School of Gen. Santos City,MIL,"Block 8,",Dadiangas Heights,,,ACSI
87-KB-000126,Holy Cross of Bunawan,MIL,,"BUNAWAN, DAVAO CITY",TDM,Davao,DACS
88-LE-000009,Mt. Matutum Christian School,MIL,,"Polomolok, South Cotabato",ACSI,,socoprisaa
88-LC-000029,The Heritage Academy of the Phils.,MIL,"Guinto St.,",Purok Malakas,,,PSBEA
87-KD-000020,Holy Cross of Malita,MIL,,"MALITA,DAVAO DEL SUR",PM,Digos,DACS/COCOPEA/NDEA
88-LE-000003,Christian School of Polomolok,MIL,,"Polomolok, South Cotabato",ACSI,,ACSI
88-LC-000060,Ramon Magsaysay Memorial Colleges,MIL,"Pioneer Avenue,",,,,
88-LC-000038,Lagao Alliance School,MIL,"J. Catolico Sr. Avenue, Capareda Street,",Lagao,ACSI,,PSBEA
87-KD-000015,Holy Cross Academy of Digos,MIL,mil,DIGOS CITY,RVM,Digos,CEAP/DACS/COCOPEA
88-LE-000050,Notre Dame of Banga,MIL,"Banga,",,AR,Marbel,NDEA/CEAP
88-LE-000026,Kings College of Marbel,MIL,,,ACSI,,socoprisaa
87-KB-000265,"Tecarro College Foundation, Inc.",MIL,SANDAWA ROAD,"MATINA, DAVAO CITY",,,
87-KD-000016,Holy Cross of Bansalan College,MIL,,"BANSALAN, DAVAO DEL SUR",RVM,Digos,DACS/CEAP/COCOPEA
88-LC-000023,Gen. Santos City SDA Elem. School,MIL,"Atis Street,",,SDA - MIN,,SPUC
88-LE-000038,Perezville Kiddie Care Learning Center,MIL,"Barangay Bagacay,",,,,CKPRISEA/Socoprisaa
87-KD-000019/87-KD-000077,Holy Cross of Magsaysay,MIL,,"MAGSAYSAY,DAVAO DEL SUR",OP - Trinity,Digos,DACS/COCOPEA/CEAP
87-KD-000021,HOLY CROSS OF MATANAO,MIL,,"MATANAO,DAVAO DEL SUR",TDM,Digos,CEAP/DACS/COCOPEA
88-LE-000063,Young Learners Center,MIL,OSITA SUBDIVISION,,,,CKPRISEa 
88-LC-000073,Stratford International School,MIL,"Zone 1, Bula",,,,PSBEA
88-LE-000048,Banga Evagelical Chruch (BEC) Elem. School,MIL,"Banga,",,ACSI,,ACSI/Socoprisaa
88-LE-000008,"Matutum View Baptist Academy, Inc.",MIL,"Polomolok Cannery,",South Cotabato,,,socoprisaa
87-KB-000345,STA. ANA ELEMENTARY SCHOOL,MIL,,"MAGSAYSAY STREET, DAVAO CITY",,,PUBLIC
87-KD-000042,Holy Cross of Malalag,MIL,"MALALAG, DAVAO DEL SUR",,PM,Digos,CEAP/DACS/COCOPEA
88-LC-000044,Mindanao State Univ - hs,MIL,"Laurel Street,",,,,
88-LE-000021,Casa Dolores Children's House,MIL,"Blk 8. Tuna Street, Agan Homes,",,,,CKPRISEA/Socoprisaa
88-LE-000028,Marymount High School,MIL,"Baldostamon Village,",,,,socoprisaa
88-LC-000009,Calumpang Central SDA Elem.,MIL,Calumpang,,SDA - MIN,,SPUC
87-KD-000011,Digos SDA Elem. School,MIL,RIZAL AVENUE,DIGOS CITY,SDA - MIN,,SPUC
88-LD-000002,Malandag SDA Elementary School,MIL,"Malandag, Malungon",,SDA - MIN,,SPUC-Lay
88-LC-000008,Bula Christian School,MIL,Bula,,ACSI,,ACSI
88-LE-000002,Best School of Polomolok,MIL,,"Polomolok, South Cotabato",,,ACSI/Socoprisaa
88-LE-000052,Montessori Casa Precious Jewels,MIL,"Sto. Ni絪, Surallah",,,,socoprisaa
88-LE-000013,San Lorenzo Ruiz Academy,MIL,,"Polomolok, South Cotabato",FMS,Marbel,NDEA/CEAP/SOCOPRISAA
88-LE-000059,Thelsan's Elem. School,MIL,"Surallah,",,,,socoprisaa
88-LE-000094,ALLAH VALLEY ACADEMY,MIL,"SURALLAH,SO.COT",,,,
88-LC-000066,Sampaguita Academy of Fatima,MIL,"Uhaw,",,,,PSBEA
88-LE-000060,GEN.PAULINIO SANTOS MEMORIAL INSTITUTE,MIL,"TUPI,SOUTH COTABATO",,,,socoprisaa
87-KD-000031,St. Therese School of Bansalan,MIL,NEBRADA STREET,"BANSALAN, DAVAO DEL SUR",,,DACS
87-KD-000018,HOLY CROSS OF KIBLAWAN,MIL,,"KIBLAWAN,DAVAO DEL SUR",TDM,Digos,CEAP/DACS/COCOPEA
87-KD-000041,Digos Advent Elem. School,MIL,,,SDA - MIN,,SPUC
88-LD-000006,GLAN LITTLE ANGELS,MIL,"GLAN,SARANGANI PROVINCE",,,,
87-KD-000009,Digos Central SDA Elem. School,MIL,LAPU-LAPU EXTENTION,DIGOS CITY,SDA - MIN,,SPUC
88-LC-000057,PASSIONIST SISTERS SCHOOL,MIL,"Cahilsot, Calumpang,",,,,PSBEA
88-LC-000077,Uccp - Pag-Ibig Chrisitan School of Lagao,MIL,"Lagao,",,UCCP,,PSBEA
88-LC-000098,MARANATHA CHRISTIAN SCHOOL,MIL,"LAGAO,GENERAL SANTOS CITY",,ACSI,,ACSI
88-LC-000067,Sampaguita Childrens Learning Center,MIL,"Sampaguita Street,",,,,PSBEA
88-LE-000016,Best School of Tupi,MIL,,"Tupi, South Cotabato",,,socoprisaa
88-LE-000099,HOLY CHILD COLLEGE OF INFO.TECHNOLOGY,MIL,"ALLAY VALLEY DRIVE,SURALLAH,SO.COT",,,,
88-LC-000048,Montessori School of GSC,MIL,"Lacap Subd.,","Yumang Street,",,,PSBEA
87-KD-000001,ATO Padada Christian School,MIL,698 RIZAL EXTENSION,"PADADA,DAVAO DEL SUR",,,ACSI
87-KD-000068,BRIGHTER BEGINNINGS LEARNING CENTER,MIL,"MAGSAYSAY ST., BANSALAN",,,,
88-LC-000097,GOLDEN FISHER'S LEARNING SCHOOL,MIL,"TAMBLER,GENERAL SANTOS CITY",,,,
88-LD-000008,GLAN CENTRAL ELEM.SCHOOL,MIL,GLAN,,,,PUBLIC
87-KD-000028,South Phil. Adventist College,MIL,"MANAGA, CAMANCHILLE","MATANAO, DAVAO DEL SUR",SDA - MIN,,SPUC
88-LE-000020,Capital Alliance Christian  School,MIL,,,,,ACSI
88-LE-000018,Matutum View Academy,MIL,"Acmonan,","Tupi, South Cotabato",SDA - MIN,,SPUC
87-KD-000029,"Southwill Learning Center, Inc.",MIL,,DIGOS CITY,,,
88-LC-000016/C8-LC-000016,ST. LOUISE DE MARILLAC/CZAR LRNG CTR.,MIL,Buayan,,,,
88-LE-000049,Mindanao Community School,MIL,Banga,,,,socoprisaa
87-KD-000056,MADRE MARIA PIA NOTARI SCHOOL,MIL,"STA. CRUZ,DAVAO DEL SUR",,,,DACS
87-KD-000032,St. Marys Academy of Sta. Cruz,MIL,,"STA. CRUZ, DAVAO DEL SUR",RVM,Digos,CEAP/DACS/COCOPEA
88-LC-000152,ST.SALVADOR DEL MUNDO MONTESSORI,MIL,"DO헤 SOLEDAD,GENERAL SANTOS CITY",,,,
87-KB-000245,SOS Childrens Village Davao Inc.,MIL,J.P. LAUREL AVENUE,DAVAO CITY,,,
88-LE-000014,Southern Baptist School of Polomolok,MIL,,"Polomolok, South Cotabato",,,socoprisaa
88-LE-000047,Banga SDA Elem. School,MIL,"Banga,",,SDA - MIN,,SPUC
87-KD-000017,Holy Cross of Hagonoy,MIL,,"HAGONOY,DAVAO DEL SUR",OP - Trinity,Digos,CEAP/DACS/COCOPEA
87-KB-000121,Herman Gmeiner Social Center,MIL,J.P. LAUREL AVENUE,DAVAO CITY,,,
87-KB-000223,Progressive Learning & Devt Center,MIL,CABAGUIO AVENUE,DAVAO CITY,,,
88-LE-000104,SAVIOR WAY CHRISTIAN SCHOOL,MIL,T'BOLI SOUTH COTABATO,,,,
87-KB-000173,Modern International Learning Ctr,MIL,GREEN MEADOW SUBDIVISION,"MINTAL, DAVAO CITY",,,
87-KD-000069,ST. JOHN MARIE VIANNEY ACADEMY OF SULOP,MIL,"POB. SULOP,DAVAO DEL SUR",,,,
88-LD-000001,Notre Dame of Maitum,MIL,"Maitum,",,,Marbel,NDEA/Socoprisaa
88-LE-000064,Green Valley College Foundation Inc.,MIL,,,,,socoprisaa
87-KD-000051,ISUM CHILDREN CHRISTIAN SCHOOL,MIL,"ISUM, INAWAYAN STA. CRUZ,DAVAO DEL SUR.",,,,
88-LE-000044,Sta. Cruz Mission Academy,MIL,"18th Alunan Avenue,",,,Marbel,NDEA/Socoprisaa
88-LC-000157,DIVINE INSTITUTE INC.,MIL,"MABUHAY ROAD,GSC",,,,
88-LE-000053,Norala Alliance Learning Center,MIL,Norallah,,ACSI,,ACSI/Socoprisaa
88-LC-000022,First Step Learning Center,MIL,"Lacap Subd.,",Yumang Street,,,PSBEA
87-KB-000211,Paaralang Kaunlaran ng Nayong DDF,MIL,,"MANDUG, DAVAO CITY",,,
88-LE-000082,PEREZVILLE KIDDIE CARE-HS. DEPT.,MIL,"BGRY.BAGACAY,KOR.CITY",,,,socoprisaa
88-LE-000051,Notre Dame of Lamba,MIL,"Banga,",,AR,Marbel,NDEA/Socoprisaa
87-KD-000065,STA. CRUZ CENTRAL ELEM. SCHOOL,MIL,"STA. CRUZ,DAVAO DEL SUR",,,,
88-LE-000092,DOLFIL SDA ELEM.SCHOOL,MIL,"POMOLOMOLOK,SC",,,,
88-LE-000019,TUPI SDA ELEMENTARY SCHOOL,MIL,"Tupi,",,,,
88-LE-000093,SCHOLA DE SAN JOSE,MIL,"POLOMOLOK,SOUTH COTABATO",,,,
88-LE-000061,Marbel 7 SDA Elementary School,MIL,Marbel  7,,SDA - MIN,,SPUC
87-KD-000036,UCCP Kinder Mission School,MIL,,DIGOS CITY,UCCP,,ACSI
87-KD-000047,Holy Cross of Sulop,MIL,"Sulop,Davao del Sur",,ADM,Digos,CEAP/DACS/COCOPEA
87-KD-000027,Southern Mindanao Academy,MIL,"MANAGA,CAMANCHILLE","MATANAO,DAVAO DEL SUR",SDA - MIN,,SPUC
87-KD-000008,DIGOS CENTER KINDERGARTEN SCHOOL,MIL,RIZAL AVENUE,DIGOS CITY,,,SPUC
88-LE-000039,Phil. Colleges of the South,MIL,"Mariano Marcos-Abrenica Street,",,,,
87-KD-000013,GRS School of Bansalan,MIL,59 LILY STREET,"BANSALAN, DAVAO DEL SUR",,,
88-LC-000161,CHRIST THE KING OF LABU,MIL,"LABU,GSC",,,,
88-LC-000014,City Alliance-Nur Kinder,MIL,"Atis Street,",,,,
88-LC-000069,"Shiloh Christian Learning Center, Inc.",MIL,"Do人 Soledad,",,,,
88-LC-000099,LABU SDA ELEM. SCHOOL,MIL,KATANGGAWAN,,SDA - MIN,,SPUC
88-LE-000123,MATUTUM VIEW ELEMENTARY SCHOOL,MIL,,,,,
88-LC-000020,Emmaus  Christian Learning Center,MIL,"Yumang Compound,GSC",Yumang Street,,,
87-KD-000046,Kiblawan Central School,MIL,Digos City,,,,
87-KD-000059,POLYTECHNIC COLLEGE OF DAVAO DEL SUR,MIL,DIGOS CITY,,,,
88-LF-000004,KORONADAL NAT'L COMPREHENSIVE HIGH SCH,MIL,,,,,
88-LD-000007,ST.ANTHONY KINDER SCHOOL,MIL,"KIAMBA,SARANGANI PROVINCE",,,,
88-LE-000030,MECMI-Starkids Inc.,MIL,"Langka St.,Bagong Sikat",Gen.Paulino Santos City of Koronadal,,,ACSI
88-LE-000085,STA.CRUZ ALLIANCE LEARNING CENTER OF POL,MIL,"POLOMOLOK,SOUTH COTABATO",,,,
88-LC-000006,Bethel Alliance Learning Center,MIL,"Phase II, Prk. Malakas",,,,
88-LE-000078,ALLIANCE LEARNING CENTER,MIL,KORONADAL CITY,,,,
87-KD-000064,"STA. MARIA INSTITUTE , INC.",MIL,"STA. MARIA, DAVAO DEL SUR",,,,
88-LE-000040,San Juan de Dios Learning Center,MIL,"16 Sinsuat St.,Prk. Mangga, Zone 1",,,,
88-LC-000076,UCCP Dadiangas Learning Center,MIL,"UCCP Compound, 32 Mu人sque Street,",,UCCP,,ACSI
87-KD-000034,Sta. Maria SDA Elem. School,MIL,,"STA. MARIA,DAVAO DEL SUR",SDA - MIN,,SPUC
88-LC-000096/C8-LC-000096,GOOD NEWS CHILD LEARNING CENTER,MIL,"FATIMA,GENERAL SANTOS CITY",,,,
88-LC-000162,RJR TUTORIAL CENTER,MIL,"APARENTE ST.,CITY HEIGHTS",,,,
88-LC-000118,GOLDEN STATE LITTLE COLLEGE,MIL,"NU헨Z STREET,PRK.MALAKAS",,,,
88-LE-000025,Kiddie Academy,MIL,"Polomolok,",,,,
88-LE-00000,Koronadal City Intl School,MIL,,,,,
88-LC-000117,LITTLE CHRISTIAN LEARNING CENTER,MIL,"2 HICBAN SUBD.,LAGAO,GSC",,,,
88-LC-000081,Building Blocks Learning Center,MIL,"GRANDVILLE AGAN HOMES,BLK.8,CITY HEIGHTS",,,,
88-LE-000103,FAITH BAPTIST PRE-SCHOOL,MIL,"POBLACION,SURALLAH S.C",,,,
87-KD-000049,"ZRJ CHILDREN'S LEARNING CENTER, INC.",MIL,,,,,
87-KB-000318/C7-KB-000318,KAPITAN TOMAS MONTEVERDE SCHOOL,MIL,DAVAO CITY,,,,
88-LE-00000,Alliance Learning Center,MIL,,,,,
88-LE-00000,Pangyan Learning Center,MIL,,,,,
88-LE-000120,KORONADAL SOUTHERN ELEMENTARY SCHOOL,MIL,,,,,
87-KB-000281/87-KB-000282,Univ. of Immaculate Conception-E/HS,VIC,,,RVM,Davao,DACS
87-KB-000082/C7-KB-000082,Davao Precious Intl. School,VIC,GSIS HEIGHTS SUBDIVISION,"MATINA, DAVAO CITY",,,ACSI
87-KB-000259,St. Peter College of Toril,VIC,,"TORIL, DAVAO CITY",PM,Davao,DACS
87-KB-000132,Holy Cross of Mintal,VIC,,"MINTAL, DAVAO CITY",PM,Davao,DACS
87-KB-000015/87-KB-000016,Assumption School of Davao-E/HS,VIC,,,MA,Davao,DACS
87-KB-000206,Our Lady of Fatima Academy,VIC,JACINTO STREET,DAVAO CITY,RVM,Davao,DACS
87-KB-000144,Jose Maria College,VIC,"PHIL-JAPAN HIGHWAY,DIVERSION ROAD",DAVAO CITY,,,DACS/PRISAAP
87-KB-000064,Colegio de San Ignacio,VIC,DIVERSION ROAD,DAVAO CITY,,,DACS/PRISAAP
87-KB-000061,Christian Colleges of the South,VIC,TULIP DRIVE,"MATINA, DAVAO CITY",,,ACSI/PRISAAP/DACS
87-KB-000413,DAVAO CENTRAL COLLEGE OF TORIL-ELEM/HS,VIC,"TORIL,DAVAO CITY",,,,
87-KB-000394/C7-KB-000335,SAN PEDRO COLLEGE,VIC,DAVAO CITY,,OP DOMINICAN,,DACS/CEAP
87-KB-000361,Don Manuel Guitierez Elem. School,VIC,"Matina, Davao City",,,,
87-KB-000070,Davao Central High School,VIC,J.P. LAUREL AVENUE,DAVAO CITY,,,DACS/PRISAAP
87-KB-000075/C7-KB-000452/C7-KB-000075,DAVAO CITY SPECIAL SCHOOL,VIC,,"BANGKAL, DAVAO CITY",,,
87-KB-000248,Southern Phil.s Baptist Theological Sem,VIC,,"PUAN, DAVAO CITY",,,
87-KB-000246,Southpoint School,VIC,,"MAA, DAVAO CITY",,,
87-KB-000334,BRIGHT ANGELS FOR TOMORROW ACADEMY,VIC,"GREEN MEADOWS, SUBD, CAT. PEQUE헲,",DAVAO CITY,,,
87-KB-000311,Cavanis Elem. School,VIC,"TIBUNGCO, DAVAO CITY",,,,
87-KB-000267,Thompson Christian School,VIC,LOPEZ JAENA STREET,DAVAO CITY,,,ACSI
87-KB-000252,St. Augustine Intl School (AMA),VIC,MALVAR STREET,DAVAO CITY,,,
87-KB-000108,Fr. Justin Russolilio Elem. School,VIC,,"CATALUNAN GRANDE, DAVAO CITY",,,DACS
87-KB-000073/C7-KB-000439/C7-KB-000073,DAVAO CITY NATIONAL HIGH SCHOOL,VIC,F. TORRES STREET,DAVAO CITY,,,
87-KB-000048,Brokenshire College Devt Center,VIC,MARFORI HEIGHTS,,,,DACS
87-KB-000149/C7-KB-000149,Lam Learning Center,VIC,,"CALINAN, DAVAO CITY",SDA - MIN,,
87-KB-000010,AMA SCIENCE SCHOOL,VIC,MARFORI HEIGHTS,,,,DACS
87-KB-000355,IMMA-CON LEARNING CENTER,VIC,"SAMPAGUITA ST.,BRGY.UBALDE R. CASTILLO","AGDAO, DAVAO CITY",,,
87-KB-000466,HOLY SPIRIT ACADEMY OF CALINAN,VIC,"CALINAN,DAVAO CITY",,,,
87-KB-000047,BROKENSHIRE COLLEGE - HS DEPT,VIC,MADAPO HILLS,,,,DACS/ACSI
87-KB-000269,Toril UCCP Learning Center,VIC,RASAY STREET,"TORIL, DAVAO CITY",,,
87-KB-000307,St. Joseph College,VIC,,"TORIL, DAVAO CITY",FAS,Davao,DACS
87-KB-000085,Davao Wisdom Academy,VIC,TORRES STREET,DAVAO CITY,,,ACSI
87-KB-000059,"Child of God Learning Center, Inc.",VIC,SAN VICENTE,"BUHANGIN, DAVAO CITY",,,
87-KB-000107,"SAN LORENZO COLLEGE OF DAVAO, INC.",VIC,,"PUAN, DAVAO CITY",,,DACS
87-KB-000360,GSIS Heights Kindergarten School,VIC,"GSIS, Matina, Davao City",,,,
87-KB-000146,The Kiddie Math Science Grade School,VIC,,DAVAO CITY,,,
87-KB-000103,Fil-Asian Mission Academy inc.,VIC,GARCIA HEIGHTS,"BAJADA, DAVAO CITY",,,
87-KB-000221,Prime Movers School of Davao,VIC,,"NHA, BUHANGIN DAVAO CITY",,,
87-KB-000467,UNIVERSITY OF MINDANAO-TIBUNGCO,VIC,"TIBUNGCO,DAVAO CITY",,,,
87-KB-000356,New Ilang Achievers Academy,VIC,"Tibungco,Davao City",,,,DACS
87-KB-000102,Fatima de Davao School ,VIC,,"BUHANGIN, DAVAO CITY",,,
87-KB-000207,Our Lady of Monserrat Camp School ,VIC,,"TIGATTO, BUHANGIN, DAVAO CITY",,,DACS
87-KB-000257,St. Patrick math-Science School,VIC,,DAVAO CITY,,,
87-KB-000344,RISEN SAVIOR INTERNATIONAL SCHOOL,VIC,MINTAL,,,,
87-KB-000137/C7-KB-000137/C7-KB-000265,Immanuel School of Davao,VIC,,"BAJADA, DAVAO CITY",,,DACS/ACSI
87-KB-000006/87-KB-000007,Agro-Industrial Foundation Coll-E/HS,VIC,,,,,
87-KB-000272,United Methodist School of Davao,VIC,,"OBRERO, DAVAO CITY",,,DACS
87-KB-000256,St. Marys Initial Learning Center,VIC,,"MATINA, DAVAO CITY",,,
87-KB-000266,The Learning Child School of Davao,VIC,KM. 14 R. PIZARRO COMPOUND,PANACAN DAVAO CITY,,,
87-KB-000157,Little Lamb School house,VIC,,"BAJADA, DAVAO CITY",,,
87-KB-000274/C7-KB-000274,Univ of Mindanao - HS,VIC,,"MATINA, DAVAO CITY",,,
87-KB-000110,GENTLE SHEPHERD SCHOOL,VIC,,"BUHANGIN, DAVAO CITY",,,
87-KB-000310,Growth w/Equity in Min. (GEM),VIC,"DAMOSA, DAVAO CITY",,,,
87-KB-000117,harvest Hills Christian School,VIC,,"BUHANGIN, DAVAO CITY",,,
87-KB-000271,UCCP PAARALANG PAG-ASA,VIC,BONIFACIO STREET,DAVAO CITY,,,ACSI
87-KB-000057,Chesed School house,VIC,JADE VALLEY SUBDIVISION,"BUHABGIN, DAVAO CITY",,,
87-KB-000341/C7-KB-000341,Davao Macarius Child Academy,VIC,"Elenita Heights, Davao City",,,,
87-KB-000002,Academy of Multiple Intelligence,VIC,,"CORAL ST., MARFORI HEIGHT",,,
87-KB-000249,Rizal Sped Learning Center,VIC,RIZAL STREET,DAVAO CITY,,,
87-KB-000359,ABBAs Child Science School,VIC,"MATINA,DAVAO CITY",,,,
87-KB-000158,Living Word Academy,VIC,777 TAHIMIK AVENUE,DAVAO CITY,,,
87-KB-000243,Sisters of Mary Learning Center,VIC,,"TIBUNGCO, DAVAO CITY",,,
87-KB-000323,Star Kids Learning Center,VIC,,"Q. Boulevard, Davao City",,,
87-KB-000268,Toril Baptist Church Learning Center,VIC,J. SAAVEDRA STREET,"TORIL, DAVAO CITY",,,
87-KB-000174,Mother Edelfraud Danner School,VIC,,"CALINAN, DAVAO CITY",,,
87-KB-000008,Al Munawara Islamic School,VIC,,"MAA, DAVAO CITY",,,
87-KB-000058,Child Devt. Learning Center,VIC,"KABATAAN CENTER, DURIAN STREET","TALOMO, DAVAO CITY",,,
87-KB-000278,Univ. of Mindanao-Munting Paaralan,VIC,,"MATINA, DAVAO CITY",,,
87-KB-000222,Pro II Daycare Center,VIC,"CAMP CATITIPAN, DIVERSION ROAD",DAVAO CITY,,,
87-KB-000348,Little Sunbeam of TOril,VIC,"TORIL, DAVAO CITY",,,,
87-KB-000385,SUHA LEARNING CENTER,VIC,"KM 12, SASA DAVAO CITY.",,,,
87-KB-000315,Schoolers Enrichment Center,VIC,,"BANGKAL, DAVAO CITY",,,
87-KB-000319,Amanda Marga Special Academic Inst.,VIC,"34 INSTITUTION PAGMAMAHAL ST., PAG-ASA H",,,,
87-KB-000005,Adams Pre-School,VIC,BAJADA,,SDA - MIN,,
87-KB-000414,JAN MICHAEL CHRISTIAN LERANING CENTER,VIC,"BAJADA,DAVAO CITY",,,,
87-KB-000164,Matina Baptist Child Care Learning Ctr,VIC,,"MATINA, DAVAO CITY",,,
87-KB-000349,Symbol Day Care Center,VIC,"Bolton Isla, Davao City",,,,
87-KB-000381,BEATITUDES OF JESUS CHRIST ACADEMY,VIC,TACUNAN TUGBOK DAVAO CITY.,,,,
87-KB-000329,JOSE AGUIO CATIGAN ALLIANCE SCHOOL,VIC,Tagagapn Tugbok District,Davao City,,,
87-KB-000376,RAINBOW HERITAGE PRE-SCHOOL INC.,VIC,"SOUTHVILLA,CATALUNAN GRANDE",DAVAO CITY,,,
87-KB-000147,"Kids House Playschool of Roseville, Inc",VIC,"BLK.11LOT18&12 PH2, ROSEVILLE SUBD.","LANANG, DAVAO CITY",,,
87-KB-000382,MONTESSORI DE MANILA,VIC,"BANGKAL,DAVAO CITY.",,,,
87-KB-000233,RLS Christian School,VIC,,"CATALUNAN PEQUENO, DAVAO CITY",,,
87-KB-000135,Holy Grace Academy,VIC,"COR. EUROPEAN & UNIO AVE. & BERLIN ST.,","DUMOY, TORIL DAVAO CITY",,,
87-KB-000209,Our Lady of Pompei Learning Center,VIC,125 FORTUNE STREET,"MATINA, DAVAO CITY",,,
87-KB-000204,Nazarene Learning Center,VIC,,DAVAO CITY,,,
87-KB-000219,PHILIPPINE SCIENCE HS -MINTAL CAMPUS,VIC,,DAVAO CITY,,,
87-KB-000415,THE FOOTPRINTS LEARNING CENTER,VIC,BLK 15 L1 WELLSPRING VILLAGE,"CATALUNAN PEQUE헲,DAVAO CITY",,,
87-KB-000220,Playschool Learning Center,VIC,DEL PILAR STREET,"OBRERO, DAVAO CITY",,,
87-KB-000373,KIDS HAVEN PRE-SCHOOL & TUTORIAL CENTER,VIC,,"BANGKAL,DAVAO CITY",,,
87-KB-000378,MONTESSORI CHILDREN HOUSE OF DAVAO CITY,VIC,1 AVENIDA SANTOS CORNER KAMAGONG ST.,"NOVA TIERRA, LANANG, DAVAO CITY",,,
87-KB-000380,RAINBOWS & CHIMES LEARNING CENTER,VIC,"ROYAL VALLEY, BANGKAL DAVAO CITY.",,,,
87-KB-000384,THE BAPTIST MINISTRY,VIC,"PANACAN, DAVAO CITY.",,,,
87-KB-000078,Davao Marianne Pre school,VIC,JACINTO STREET,DAVAO CITY,,Dipolog,
87-KB-000475,BUHANGIN CENTRAL ELEM. SCHOOL,VIC,DAVAO CITY,,,,
87-KB-000468/C7-KB-000468,CALINAN NATIONAL HIGH SCHOOL,VIC,DAVAO CITY,,,,
87-KB-000416,DO헤 LUISA LEARNING CENTER,VIC,"MANDUG,DAVAO CITY",,,,
87-KB-000140,International Christian School,VIC,,"BANGKAL, DAVAO CITY",,,
87-KB-000239,Royal Valley Academy,VIC,,"BANGKAL, DAVAO CITY",,,
87-KB-000357,Matina Alliance Pre-School,VIC,Sandawa Rd. Davao City,,,,
87-KB-000358,Oak Tree Learning Center,VIC,"Cabantian Highway,Davao City",,,,
87-KB-000066/C7-KB-000066,DANIEL R. AGUINALDO NAT'L HIGH SCHOOL,VIC,,"MATIAN APLAYA, DAVAO CITY",,,
87-KB-000408,LITTLE CAMPBRIDGE ADVANCED L/C,VIC,,,,,
